order_number,item_purchased,price,quantity,category,mode of payment,seller_name,placed_on,shipped_on,delivered_on,courier,location,discount_type,free_shipping,refund_status,refund_reason
950766749211266,Kitchen Faucet 304 Staineless ,106.49,1,House Maintenace,Credit Card,Dimension,12/26/2024,12/27/2024,12/28/2024,J&T Express PH,"Magallanes, Cavite",N/A,Yes,N/A,N/A
950766749211266,4 in 1 Shower Head head Set with faucet ,116.26,1,House Maintenace,Credit Card,Dimension,12/26/2024,12/27/2024,12/28/2024,J&T Express PH,"Magallanes, Cavite",N/A,Yes,N/A,N/A
948315720011266,100% Original Amazing Authentic Hilton Pillow,"1,500.00",4,Pasabuy,Credit Card,amz fashion,09/09/2024,N/A,N/A,LEX PH,"Silang, Cavite",N/A,Yes,Yes,Did not deliver
948309304111266,72 Colors OBOS Professional Color Lead Oil color Set,419.00,1,Pasabuy,Credit Card,notebool school supplies,03//25/2024,12/20/2024,12/21/2024,LEX PH,"Silang, Cavite",Voucher,Yes,N/A ,N/A
941414058511266,"Stripe Plain Canadian Bedsheet with two pillowcases - Stripe Beige, single",229.00,1,House Maintenace,Credit Card,Magsmerchandise,6/7/20245,12/21/2024,12/22/2024,J&T Express PH,"Magallanes, Cavite",N/A,Yes,N/A,N/A
941414058511266,"Stripe Plain Canadian Bedsheet with two pillowcases - Stripe Natural, single",239.00,1,House Maintenace,Credit Card,Magsmerchandise,12/20/2024,12/21/2024,12/22/2024,J&T Express PH,"Magallanes, Cavite",N/A,Yes,N/A,N/A
941414058311266,UniGlobal High Quality Rattan Cane Laundry Basket with cover,191.90,1,Personal use,Credit Card,Ok Plastic,12/20/2024,12/23/2024,12/26/2024,Flash express PH,"Magallanes, Cavite",Voucher,Yes,N/A,N/A
941414058111266,Lipo Colla Plus Slimming 8 in 1 Powedered orange juice,489.92,1,Personal use,Credit Card,T AND M ONLINE SHOP,12/20/2024,12/21/2024,12/22/2024,Flash express PH,"Magallanes, Cavite",Voucher,Yes,N/A,N/A
941414057911266,"Air Purifier with Hepa Filter, 2PCs",380.53,1,Pasabuy,Credit Card,123 BABY,12/20/2024,12/20/2024,12/21/2024,Flash express PH,"Magallanes, Cavite",Voucher,Yes,N/A,N/A
941414057711266,wrangler men t-shirt overrun branded,220.60,1,Others,Credit Card,Chekay online shoy,12/20/2024,12/21/2024,12/22/2024,Flash express PH,"Magallanes, Cavite",Coins and voucher,Yes,N/A,N/A
941409625411266,Ecoplanet Tissue REVEUSE Tissie B1T ,205.24,2,Personal use,Credit Card,Eco Planet Official Store,12/20/2024,12/22/2024,12/23/2024,Flash express PH,"Magallanes, Cavite",Coins and voucher,Yes,N/A,N/A
941409624311266,Handhold Pressure Boost shower Nozzle - silver,139.00,1,House Maintenace,Credit Card,Lux kiichen,12/20/2024,12/20/2024,12/21/2024,Flash express PH,"Magallanes, Cavite",Coins and voucher,Yes,N/A,N/A
941409624311266,Lux kitchen 15 pcs/roll Thickened Garbage bag,30.00,1,House Maintenace,Credit Card,Lux kiichen,12/20/2024,12/21/2024,12/21/2024,Flash express PH,"Magallanes, Cavite",Coins and voucher,Yes,N/A,N/A
941409624311266,Lux Kiichen Absorbent soft memory foam bathroom mat,55.00,1,House Maintenace,Credit Card,Lux kiichen,12/20/2024,12/22/2024,12/21/2024,Flash express PH,"Magallanes, Cavite",Coins and voucher,Yes,N/A,N/A
941409624311266,Lux kiichen air freshner spray indoor bedroom long-lasting fragrance - Blue ocean,59.00,1,House Maintenace,Credit Card,Lux kiichen,12/20/2024,12/23/2024,12/21/2024,Flash express PH,"Magallanes, Cavite",Coins and voucher,Yes,N/A,N/A
941409624311266,Lux kiichen air freshner spray indoor bedroom long-lasting fragrance - Pink peach,59.00,1,House Maintenace,Credit Card,Lux kiichen,12/20/2024,12/24/2024,12/21/2024,Flash express PH,"Magallanes, Cavite",Coins and voucher,Yes,N/A,N/A
941409624311266,Lux kiichen abbott anti-bacterial Spray for car,49.00,1,Car maintenace,Credit Card,Lux kiichen,12/20/2024,12/25/2024,12/21/2024,Flash express PH,"Magallanes, Cavite",Coins and voucher,Yes,N/A,N/A
941409624311266,Lux Kiichen Multifunctional double sided chenile car,19.00,1,Car maintenace,Credit Card,Lux kiichen,12/20/2024,12/27/2024,12/21/2024,Flash express PH,"Magallanes, Cavite",Coins and voucher,Yes,N/A,N/A
941409624311266,Lux Kiichen 510ml stainless steel coffee mug,108.00,1,Personal use,Credit Card,Lux kiichen,12/20/2024,12/28/2024,12/21/2024,Flash express PH,"Magallanes, Cavite",Coins and voucher,Yes,N/A,N/A
941409624111266,Rechargeable children Electric Toothbrush for kids,22.57,1,Others,Credit Card,Pastsky,12/20/2024,12/21/2024,12/28/2024,J&T Express PH,"Magallanes, Cavite",Voucher,Yes,N/A,N/A
941409623811266,Anti-fog and anti-rain agent for glass windscreen rea-view mirror cleaning,80.00,1,Car maintenace,Credit Card,Beauty777,12/20/2024,12/20/2024,12/22/2024,Flash express PH,"Magallanes, Cavite",Coins and voucher,Yes,N/A ,N/A
941409623811266,2 pcs Garden Pruning shear set,80.00,1,Garden maintenace,Credit Card,Beauty777,12/20/2024,12/20/2024,12/22/2024,Flash express PH,"Magallanes, Cavite",Coins and voucher,Yes,N/A ,N/A
941409623611266,Pet cage dog care with poop tray - blue,159.63,1,Pet Care,Credit Card,Pet supplies center,12/20/2024,12/20/2024,12/21/2024,Flash express PH,"Magallanes, Cavite",Voucher,Yes,N/A,N/A
934289497511266,Hippo paint brush 1/2,11.00,1,House Maintenace,Credit Card,Brix Industries Manila,12/20/2024,12/10/2024,12/11/2024,J&T Cargo PH,"Magallanes, Cavite",Coins and voucher,Yes,N/A,N/A
934289497511266,Professional Paint Roller w/ Handle 9 inches,48.00,1,House Maintenace,Credit Card,Brix Industries Manila,12/20/2024,12/10/2024,12/11/2024,J&T Cargo PH,"Magallanes, Cavite",Coins and voucher,Yes,N/A,N/A
934289497511266,Davies Sun and Rain 4 liters - Pale Nile,889.00,1,House Maintenace,Credit Card,Brix Industries Manila,12/20/2024,12/10/2024,12/11/2024,J&T Cargo PH,"Magallanes, Cavite",Coins and voucher,Yes,N/A,N/A
934289497511266,Davis Sun and Rain 1 Liter Sand Beige,239.00,1,House Maintenace,Credit Card,Brix Industries Manila,12/9/2024,12/10/2024,12/11/2024,J&T Cargo PH,"Magallanes, Cavite",Coins and voucher,Yes,N/A,N/A
930147432411266,Ceramic Matte Realme Full Film C11,14.77,1,Pasabuy,Credit Card,BAD-TEMPERED ,12/9/2024,12/1/2024,12/2/2024,Flash express PH,"Magallanes, Cavite",Coins,Yes,N/A,N/A
930147432411266,Tempered Glass Y11,14.77,1,Pasabuy,Credit Card,BAD-TEMPERED ,12/9/2024,12/1/2024,12/2/2024,Flash express PH,"Magallanes, Cavite",Coins,Yes,N/A,N/A
930147432411266,Tempered Glass for iPhone 14 pro,14.77,1,Pasabuy,Credit Card,BAD-TEMPERED ,12/9/2024,12/1/2024,12/2/2024,Flash express PH,"Magallanes, Cavite",Coins,Yes,N/A,N/A
930147432411266,5A Super Charging  type C,44.32,1,Pasabuy,Credit Card,BAD-TEMPERED ,11/30/2024,12/1/2024,12/2/2024,Flash express PH,"Magallanes, Cavite",Coins,Yes,N/A,N/A
930147432411266,U19 Macaron Color earphone yellow,32.50,1,Pasabuy,Credit Card,BAD-TEMPERED ,11/30/2024,12/1/2024,12/2/2024,Flash express PH,"Magallanes, Cavite",Coins,Yes,N/A,N/A
930147432411266,Tempered Glass Redmi 9T,29.54,2,Pasabuy,Credit Card,BAD-TEMPERED ,11/30/2024,12/1/2024,12/2/2024,Flash express PH,"Magallanes, Cavite",Coins,Yes,N/A,N/A
936040187311266,LED Energy-saving Spherical Bulb 5w,35.00,1,House Maintenace,Credit Card,Juan Hardware,11/30/2024,11/29/2024,11/30/2024,J&T Express PH,"Magallanes, Cavite",Coins and voucher,Yes ,N/A,N/A
936040187311266,Stainless Steel Door Latch sliding lock,35.00,1,House Maintenace,Credit Card,Juan Hardware,11/30/2024,11/29/2024,11/30/2024,J&T Express PH,"Magallanes, Cavite",Coins and voucher,Yes ,N/A,N/A
936040187311266,Utility Cutter Knives,35.00,1,House Maintenace,Credit Card,Juan Hardware,11/30/2024,11/29/2024,11/30/2024,J&T Express PH,"Magallanes, Cavite",Coins and voucher,Yes ,N/A,N/A
936040187311266,100pcs Black screw 2inches for metal,35.00,1,House Maintenace,Credit Card,Juan Hardware,11/28/2024,11/29/2024,11/30/2024,J&T Express PH,"Magallanes, Cavite",Coins and voucher,Yes ,N/A,N/A
936040187311266,100pcs Black screw 1 inch for wood,35.00,1,House Maintenace,Credit Card,Juan Hardware,11/28/2024,11/29/2024,11/30/2024,J&T Express PH,"Magallanes, Cavite",Coins and voucher,Yes ,N/A,N/A
927515215511266,Davies Acrylic paint Tinge of gray 1L,478.00,2,House Maintenace,Credit Card,Brix industries Manila,11/28/2024,N/A,N/A,N/A,"Magallanes, Cavite",Voucher,Yes,Yes,Delivery time too long
927515215511266,Davies Acrylic paint Pale Nile 4L,889.00,1,House Maintenace,Credit Card,Brix industries Manila,11/28/2024,N/A,N/A,N/A,"Magallanes, Cavite",Voucher,Yes,Yes,Delivery time too long
927515215511266,Davies Acrylic paint Sand Beige 1L,478.00,2,House Maintenace,Credit Card,Brix industries Manila,11/28/2024,N/A,N/A,N/A,"Magallanes, Cavite",Voucher,Yes,Yes,Delivery time too long
932937329011266,Car Shampoo with foam,75.00,1,Car maintenace,Credit Card,Ground Zero Car care,11/24/2024,11/22/2024,11/23/2024,J&T Express PH,"Magallanes, Cavite",Voucher,Yes,N/A,N/A
932937329011266,Car scent perfume lemon,89.00,1,Car maintenace,Credit Card,Ground Zero Car care,11/24/2024,11/22/2024,11/23/2024,J&T Express PH,"Magallanes, Cavite",Voucher,Yes,N/A,N/A
932937329011266,Car Interior protectant,156.00,1,Car maintenace,Credit Card,Ground Zero Car care,11/24/2024,11/22/2024,11/23/2024,J&T Express PH,"Magallanes, Cavite",Voucher,Yes,N/A,N/A
926253659411266,Ilocos eggplant,34.00,1,Garden maintenace,Credit Card,Farmchoice Agribusiness,11/21/2024,11/22/2024,11/23/2024,J&T Express PH,"Magallanes, Cavite",Voucher,Yes,N/A,N/A
926253659411266,Pure molasses,94.50,1,Garden maintenace,Credit Card,Farmchoice Agribusiness,11/21/2024,11/22/2024,11/23/2024,J&T Express PH,"Magallanes, Cavite",Voucher,Yes,N/A,N/A
926253659411266,Complete fertilizer,48.00,1,Garden maintenace,Credit Card,Farmchoice Agribusiness,11/21/2024,11/22/2024,11/23/2024,J&T Express PH,"Magallanes, Cavite",Voucher,Yes,N/A,N/A
932937328511266,Shorts cotton design,117.00,1,Personal use,Credit Card,HARVEY Home PH,11/21/2024,11/21/2024,11/22/2024,J&T Express PH,"Magallanes, Cavite",Voucher,Yes,N/A,N/A
932937328511266,Shorts Black,119.00,1,Personal use,Credit Card,HARVEY Home PH,11/21/2024,11/21/2024,11/22/2024,J&T Express PH,"Magallanes, Cavite",Voucher,Yes,N/A,N/A
932937328511266,Short Gray,119.00,1,Personal use,Credit Card,HARVEY Home PH,11/21/2024,11/21/2024,11/22/2024,J&T Express PH,"Magallanes, Cavite",Voucher,Yes,N/A,N/A
932937328511266,Shorts Olive Green,119.00,1,Personal use,Credit Card,HARVEY Home PH,11/21/2024,11/21/2024,11/22/2024,J&T Express PH,"Magallanes, Cavite",Voucher,Yes,N/A,N/A
932937329511266,Citronella grass,27.99,1,Garden maintenace,Credit Card,The GREEN HOUSE,11/21/2024,11/21/2024,11/22/2024,J&T Express PH,"Magallanes, Cavite",Voucher,Yes,N/A,N/A
932937329511266,Spearmint seeds,27.99,1,Garden maintenace,Credit Card,The GREEN HOUSE,11/21/2024,11/21/2024,11/22/2024,J&T Express PH,"Magallanes, Cavite",Voucher,Yes,N/A,N/A
932937329511266,Lavender Seeds,32.02,1,Garden maintenace,Credit Card,The GREEN HOUSE,11/21/2024,11/21/2024,11/22/2024,J&T Express PH,"Magallanes, Cavite",Voucher,Yes,N/A,N/A
932937329511266,Eggplat,15.02,1,Garden maintenace,Credit Card,The GREEN HOUSE,11/21/2024,11/21/2024,11/22/2024,J&T Express PH,"Magallanes, Cavite",Voucher,Yes,N/A,N/A
932937329511266,Chamomile Seeds,53.84,2,Garden maintenace,Credit Card,The GREEN HOUSE,11/21/2024,11/21/2024,11/22/2024,J&T Express PH,"Magallanes, Cavite",Voucher,Yes,N/A,N/A
932937329511266,Cucumber seeds,7.99,1,Garden maintenace,Credit Card,The GREEN HOUSE,11/21/2024,11/21/2024,11/22/2024,J&T Express PH,"Magallanes, Cavite",Voucher,Yes,N/A,N/A
932937329511266,Clitoria Ternatea,18.92,1,Garden maintenace,Credit Card,The GREEN HOUSE,11/21/2024,11/21/2024,11/22/2024,J&T Express PH,"Magallanes, Cavite",Voucher,Yes,N/A,N/A
932937329511266,Cat Grass,7.01,1,Garden maintenace,Credit Card,The GREEN HOUSE,11/21/2024,11/21/2024,11/22/2024,J&T Express PH,"Magallanes, Cavite",Voucher,Yes,N/A,N/A
932937329511266,Dog Grass,27.99,1,Garden maintenace,Credit Card,The GREEN HOUSE,11/21/2024,11/21/2024,11/22/2024,J&T Express PH,"Magallanes, Cavite",Voucher,Yes,N/A,N/A
932937329511266,Dahila seeds,20.92,1,Garden maintenace,Credit Card,The GREEN HOUSE,11/21/2024,11/21/2024,11/22/2024,Flash express PH,"Magallanes, Cavite",Voucher,Yes,N/A,N/A
926253660611266,Woodworking Grip Toggle,44.00,1,House Maintenace,Credit Card,Nexa PH,11/21/2024,11/21/2024,11/22/2024,Flash express PH,"Magallanes, Cavite",Coins and voucher,Yes,N/A,N/A
926253660611266,Twist drill,148.00,1,House Maintenace,Credit Card,Nexa PH,11/21/2024,11/21/2024,,Flash express PH,"Magallanes, Cavite",Coins and voucher,Yes,N/A,N/A
926253660611266,Shower bidet hose,40.00,1,House Maintenace,Credit Card,Nexa PH,11/21/2024,11/21/2024,,Flash express PH,"Magallanes, Cavite",Coins and voucher,Yes,N/A,N/A
926253660611266,Battery Terminal connector,92.00,1,Car maintenace,Credit Card,Nexa PH,11/21/2024,11/21/2024,,Flash express PH,"Magallanes, Cavite",Coins and voucher,Yes,N/A,N/A
926253660311266,Floating wall white,298.00,1,House Maintenace,Credit Card,MEIANVU PH,11/21/2024,11/21/2024,11/22/2024,J&T Cargo PH,"Magallanes, Cavite",Voucher,Yes,N/A,N/A
926253660311266,Floating wall black,298.00,1,Pasabuy,Credit Card,MEIANVU PH,11/21/2024,11/21/2024,11/22/2024,J&T Cargo PH,"Magallanes, Cavite",Voucher,Yes,N/A,N/A
99520974011266,Brush Drawiing Arts,36.86,1,Pasabuy,Paylater,Bulk Premium Stationary,11/21/2024,11/14/2024,11/15/2024,J&T Express PH,"Magallanes, Cavite",Coins,Yes,N/A,N/A
99520974011266,Acrylic Paint,60.45,1,Pasabuy,Paylater,Bulk Premium Stationary,11/21/2024,11/14/2024,11/15/2024,J&T Express PH,"Magallanes, Cavite",Coins,Yes,N/A,N/A
99520974011266,Canvas,58.20,1,Pasabuy,Paylater,Bulk Premium Stationary,11/21/2024,11/14/2024,11/15/2024,J&T Express PH,"Magallanes, Cavite",Coins,Yes,N/A,N/A
926501984111266,Buffing polishing pads,113.28,1,Car maintenace,Paylater,Car Modification Mall,11/13/2024,11/11/2024,11/12/2024,J&T Express PH,"Magallanes, Cavite",Coins,Yes,N/A,N/A
926501984111266,CR2025 Battery,12.22,1,Others,Paylater,Car Modification Mall,11/13/2024,11/11/2024,11/12/2024,J&T Express PH,"Magallanes, Cavite",Coins,Yes,N/A,N/A
926501984111266,Clay bar car washing ,84.48,1,Car maintenace,Paylater,Car Modification Mall,11/13/2024,11/11/2024,11/12/2024,J&T Express PH,"Magallanes, Cavite",Coins,Yes,N/A,N/A
918490654611266,Doormat,122.40,6,House Maintenace,Credit Card,Haran's Patahian,11/9/2024,11/13/2024,11/15/2024,Flash express PH,"Magallanes, Cavite",Coins and voucher,Yes,N/A,N/A
918490656411266,Panty 6pcs,173.40,1,Personal use,Credit Card,Encounter august,11/9/2024,11/7/2024,11/8/2024,J&T Express PH,"Magallanes, Cavite",Coins and voucher,Yes,N/A,N/A
918490655611266,Flat leeaf Parsley,17.00,1,Garden maintenace,Credit Card,Garden Avenue,11/9/2024,11/7/2024,11/8/2024,J&T Express PH,"Magallanes, Cavite",Coins and voucher,Yes,N/A,N/A
918490655611266,Arugula,18.00,1,Garden maintenace,Credit Card,Garden Avenue,11/7/2024,11/7/2024,11/8/2024,J&T Express PH,"Magallanes, Cavite",Coins and voucher,Yes,N/A,N/A
918490655611266,Cilantro,24.00,1,Garden maintenace,Credit Card,Garden Avenue,11/7/2024,11/7/2024,11/8/2024,J&T Express PH,"Magallanes, Cavite",Coins and voucher,Yes,N/A,N/A
918490655611266,Red onion,18.00,1,Garden maintenace,Credit Card,Garden Avenue,11/7/2024,11/7/2024,11/8/2024,J&T Express PH,"Magallanes, Cavite",Coins and voucher,Yes,N/A,N/A
918490655611266,Pure cocopeat,81.00,3,Garden maintenace,Credit Card,Garden Avenue,11/7/2024,11/7/2024,11/8/2024,J&T Express PH,"Magallanes, Cavite",Coins and voucher,Yes,N/A,N/A
918490655311266,Green sacks 10pcs,170.00,2,House Maintenace,Credit Card,JLJ Gen. Merchandise,11/7/2024,11/8/2024,11/12/2024,Flash express PH,"Magallanes, Cavite",Coins and voucher,Yes,N/A,N/A
918490656611266,Jumbo mop,217.10,1,House Maintenace,Credit Card,Jumbo Mall,11/7/2024,11/8/2024,11/9/2024,Flash express PH,"Magallanes, Cavite",Coins and voucher,Yes ,N/A,N/A
924337905611266,Rat killer reppelent,168.26,1,Car maintenace,Credit Card,Graywell,11/7/2024,11/6/2024,11/7/2024,J&T Express PH,"Magallanes, Cavite",Coins,Yes,N/A,N/A
915131048311266,Hepa filter,191.77,1,Pasabuy,Paylater,123 Baby,11/7/2024,10/30/2024,10/31/2024,J&T Express PH,"Magallanes, Cavite",Coins and voucher,Yes,Yes,Physical damaged
915131048311266,Air purifier,623.68,1,Pasabuy,Paylater,123 Baby,11/7/2024,10/30/2024,10/31/2024,J&T Express PH,"Magallanes, Cavite",Coins and voucher,Yes,N/A,N/A
915131048311266,Electronic Protection,38.94,1,Pasabuy,Paylater,123 Baby,11/5/2024,10/30/2024,10/31/2024,J&T Express PH,"Magallanes, Cavite",Coins and voucher,Yes,N/A,N/A
919843774911266,Foldable storage box,120.00,1,Personal use,Credit Card,Kx_Homeliving,10/30/2024,10/25/2024,10/27/2024,J&T Express PH,"Magallanes, Cavite",Coins and voucher,Yes,N/A,N/A
919843774911266,Pizza pan,70.00,2,Kitchen,Credit Card,Kx_Homeliving,10/30/2024,10/25/2024,10/27/2024,J&T Express PH,"Magallanes, Cavite",Coins and voucher,Yes,N/A,N/A
91984377411266,Nail Gun,653.76,1,House Maintenace,Paylater,Gift Mega Explorer,10/30/2024,10/25/2024,10/27/2024,J&T Express PH,"Magallanes, Cavite",Coins and voucher,Yes,N/A,N/A
911483870311266,Waterproof tape,136.00,2,House Maintenace,Credit Card,Love shopping,10/25/2024,10/22/2024,10/23/2024,J&T Express PH,"Magallanes, Cavite",Coins and voucher,Yes,N/A,N/A
919843774911266,Bluetooth headphone,104.61,1,Personal use,Credit Card,Love shopping,10/25/2024,10/22/2024,10/23/2024,J&T Express PH,"Magallanes, Cavite",Coins and voucher,Yes,N/A,N/A
911483870711266,Whitening underarm,134.26,2,Personal use,Credit Card,Organic Skin Japan,10/25/2024,10/21/2024,10/23/2024,J&T Express PH,"Magallanes, Cavite",Coins and voucher,Yes,N/A,N/A
911483870011266,Climbing net,88.00,1,Garden maintenace,Credit Card,Topworth outdoor store,10/21/2024,10/21/2024,10/22/2024,J&T Express PH,"Magallanes, Cavite",Coins and voucher,Yes,N/A,N/A
911483870011266,Car retainer,119.00,1,Car maintenace,Credit Card,Topworth outdoor store,10/21/2024,10/21/2024,10/22/2024,J&T Express PH,"Magallanes, Cavite",Coins and voucher,Yes,N/A,N/A
917645586411266,UV Plastic,130.00,1,Garden maintenace,Credit Card,The Gardener's Choice,10/21/2024,10/20/2024,10/22/2024,Flash express PH,"Magallanes, Cavite",Coins and voucher,Yes,N/A,N/A
917645586411266,Super Dry Net,120.00,1,Garden maintenace,Credit Card,The Gardener's Choice,10/21/2024,10/20/2024,10/22/2024,Flash express PH,"Magallanes, Cavite",Coins and voucher,Yes,N/A,N/A
917645587711266,No more nails adhesive,183.00,1,House Maintenace,Credit Card,Gazelle Building Supplies,10/21/2024,10/22/2024,10/23/2024,J&T Express PH,"Magallanes, Cavite",Coins and voucher,Yes,N/A,N/A
917645587011266,Staple nails,70.00,2,Garden maintenace,Credit Card,Mitsushi by BWT,10/20/2024,10/21/2024,10/22/2024,J&T Express PH,"Magallanes, Cavite",Coins and voucher,Yes,N/A,N/A
917645586411266,Mitsushi staple gun,177.00,1,Garden maintenace,Credit Card,Mitsushi by BWT,10/20/2024,10/21/2024,10/22/2024,J&T Express PH,"Magallanes, Cavite",Coins and voucher,Yes,Yes,Change of mind
917645586411266,Mitsushi staple gun,177.00,1,Garden maintenace,Credit Card,Mitsushi by BWT,10/20/2024,10/21/2024,10/22/2024,J&T Express PH,"Magallanes, Cavite",Coins and voucher,Yes,N/A ,N/A
917645586711266,Pure organic cultured honey,170.00,2,Kitchen,Credit Card,Mang Honey bee,10/20/2024,10/21/2024,10/22/2024,J&T Express PH,"Magallanes, Cavite",Coins and voucher,Yes,N/A,N/A
917645587511266,360 Shower,150.50,1,House Maintenace,Credit Card,Zonetech.PH,10/20/2024,10/21/2023,10/22/2024,J&T Express PH,"Magallanes, Cavite",Coins and voucher,Yes,N/A,N/A
907717477911266,Voltage surge protector,261.09,1,House Maintenace,Credit Card,Silver River,10/20/2024,10/14/2024,10/15/2024,J&T Express PH,"Magallanes, Cavite",Coins,Yes,N/A,N/A
907213045711266,Pet sausage Chicken,48.60,10,Pet Care,Credit Card,Pet New Land Official store,10/20/2024,10/14/2024,10/15/2024,Flash express PH,"Magallanes, Cavite",Coins,Yes,N/A,N/A
907213045711266,Pet sausage Beef,48.60,10,Pet Care,Credit Card,Pet New Land Official store,10/20/2024,10/14/2024,10/15/2024,Flash express PH,"Magallanes, Cavite",Coins,Yes,N/A,N/A
907213045711266,Pet shampoo,75.87,1,Pet Care,Credit Card,Pet New Land Official store,10/13/2024,10/14/2024,10/15/2024,Flash express PH,"Magallanes, Cavite",Coins,Yes,N/A,N/A
913703975211266,Pet Sausage Beef,97.20,20,Pet Care,Credit Card,Pet New Land Official store,10/12/2024,N/A,N/A,Flash express PH,"Magallanes, Cavite",Coins,Yes,Yes,Re-order
913703975211266,Pet Shampoo,75.87,1,Pet Care,Credit Card,Pet New Land Official store,10/12/2024,N/A,N/A,Flash express PH,"Magallanes, Cavite",Coins,Yes,Yes,Re-order
912803320011266,Vaginal suppository,59.00,1,Personal use,Credit Card,Fix Beauty,10/12/2024,10/11/2024,10/12/2024,Flash express PH,"Magallanes, Cavite",0,Yes,N/A,N/A
911867757911266,Garbage XXL,162.00,3,House Maintenace,Paylater,KRG.SHOP,10/12/2024,10/10/2024,10/11/2024,Flash express PH,"Magallanes, Cavite",Coins and voucher,Yes,N/A,N/A
911867757211266,Humidifier oil Ocean Breeze,28.00,1,Personal use,Paylater,Scent Escape,10/12/2024,10/10/2024,10/11/2024,Flash express PH,"Magallanes, Cavite",Voucher,Yes,N/A,N/A
911867757211266,Humidifier oil Lemon zest,28.00,1,Personal use,Paylater,Scent Escape,10/10/2024,10/10/2024,10/11/2024,Flash express PH,"Magallanes, Cavite",Voucher,Yes ,N/A,N/A
911867757211266,Humidifier oil Fresh Bamboo,28.00,1,Personal use,Paylater,Scent Escape,10/9/2024,10/10/2024,10/11/2024,Flash express PH,"Magallanes, Cavite",Voucher,Yes,N/A,N/A
911867757211266,Humidifier oil Eucalyptus,28.00,1,Personal use,Paylater,Scent Escape,10/9/2024,10/10/2024,10/11/2024,Flash express PH,"Magallanes, Cavite",Voucher,Yes,N/A,N/A
911867757211266,Humidifier oil Cherry blossom,28.00,1,Personal use,Paylater,Scent Escape,10/9/2024,10/10/2024,10/11/2024,Flash express PH,"Magallanes, Cavite",Voucher,Yes,N/A,N/A
911867757211266,Humidifier oil Lavender,28.00,1,Personal use,Paylater,Scent Escape,10/9/2024,10/10/2024,10/11/2024,Flash express PH,"Magallanes, Cavite",Voucher,Yes,N/A,N/A
911867757011266,Cheek lamp,699.00,1,Car maintenace,Paylater,Nate Car Enthusiast auto parts,10/9/2024,10/10/2024,10/11/2024,Flash express PH,"Magallanes, Cavite",Voucher,No,N/A,N/A
911852559211266,Garbage XXL,145.33,3,House Maintenace,Paylater,KRG.SHOP,10/9/2024,N/A,N/A,N/A,"Magallanes, Cavite",Coins and voucher,Yes,Yes,Re-order
911852558511266,Humidifier oil citronella,28.00,1,Personal use,Paylater,Scent Escape,10/9/2024,N/A,N/A,N/A,"Magallanes, Cavite",Voucher,Yes,Yes,Re-order
911852558511266,Humidifier oil Ocean Breeze,28.00,1,Personal use,Paylater,Scent Escape,10/9/2024,N/A,N/A,N/A,"Magallanes, Cavite",Voucher,Yes,Yes,Re-order
911852558511266,Humidifier oil Cherry blossom,28.00,1,Personal use,Paylater,Scent Escape,10/9/2024,N/A,N/A,N/A,"Magallanes, Cavite",Voucher,Yes ,Yes,Re-order
911852558511266,Humidifier oil Peppermint,28.00,1,Personal use,Paylater,Scent Escape,10/9/2024,N/A,N/A,N/A,"Magallanes, Cavite",Voucher,Yes,Yes,Re-order
911852558511266,Humidifier oil Eucalyptus,28.00,1,Personal use,Paylater,Scent Escape,10/9/2024,N/A,N/A,N/A,"Magallanes, Cavite",Voucher,Yes,Yes,Re-order
911852558511266,Humidifier oil Lavender,28.00,1,Personal use,Paylater,Scent Escape,10/9/2024,N/A,N/A,N/A,"Magallanes, Cavite",Voucher,Yes,Yes,Re-order
911852558311266,Cheek lamp,699.00,1,Car maintenace,Paylater,Nate Car Enthusiast auto parts,10/9/2024,N/A,N/A,N/A,"Magallanes, Cavite",Voucher,No,Yes,Re-order
911703328211266,New smart watch LIGE,720.03,1,Others,Paylater,Global Jay,10/9/2024,N/A,10/17/2024,LEX PH,"Silang, Cavite",Vouucher,Yes,N/A,N/A
910973370911266,Door lock door knob,98.00,1,House Maintenace,Credit Card,Arrow Hardware,10/9/2024,10/8/2024,10/9/2024,Flash express PH,"Magallanes, Cavite",Coins,Yes,N/A,N/A
910973370911266,Gold chain with padlock,59.00,1,House Maintenace,Credit Card,Arrow Hardware,10/9/2024,10/8/2024,10/9/2024,Flash express PH,"Magallanes, Cavite",Coins,Yes,N/A,N/A
910454988411266,Fitflop new slippers,156.10,1,Personal use,Paylater,Mengxiangmoffang,10/9/2024,10/6/2004,10/8/2024,J&T Express PH,"Magallanes, Cavite",Coins,Yes,N/A,N/A
910125583611266,Nebulizer,561.85,1,Pasabuy,Paylater,Indoplas Philippines,10/7/2024,10/07/2024,10/8/2024,Flash express PH,"Magallanes, Cavite",Coins,No,N/A,N/A
910125583411266,Contact paper for fridge,228.26,1,Pasabuy,Paylater,K-K SHOP,10/7/2024,10/06/2024,10/7/2024,Flash express PH,"Magallanes, Cavite",Voucher,Yes,N/A,N/A
910125582111266,Lettuce seeds - Grand romaine,28.00,2,Garden maintenace,Paylater,Seeds Depot,10/6/2024,10/6/2024,10/7/2024,J&T Express PH,"Magallanes, Cavite",Coins and voucher,Yes,N/A,N/A
910125582111266,Lettuce seeds - Curly green,30.00,2,Garden maintenace,Paylater,Seeds Depot,10/5/2024,10/6/2024,10/7/2024,J&T Express PH,"Magallanes, Cavite",Coins and voucher,Yes,N/A,N/A
910125582111266,Herb seeds - leeks natsuguro,15.00,1,Garden maintenace,Paylater,Seeds Depot,10/5/2024,10/6/2024,10/7/2024,J&T Express PH,"Magallanes, Cavite",Coins and voucher,Yes,N/A,N/A
910125582111266,Herb seeds - parsley ,16.00,1,Garden maintenace,Paylater,Seeds Depot,10/5/2024,10/6/2024,10/7/2024,J&T Express PH,"Magallanes, Cavite",Coins and voucher,Yes,N/A,N/A
910125582111266,Herbs seeds - coriander,17.00,1,Garden maintenace,Paylater,Seeds Depot,10/5/2024,10/6/2024,10/7/2024,J&T Express PH,"Magallanes, Cavite",Coins and voucher,Yes,N/A,N/A
910125582111266,Herbs seeds - kinchay,16.00,1,Garden maintenace,Paylater,Seeds Depot,10/5/2024,10/6/2024,10/7/2024,J&T Express PH,"Magallanes, Cavite",Coins and voucher,Yes,N/A,N/A
910125582111266,Herbs seeds - Celery,16.00,1,Garden maintenace,Paylater,Seeds Depot,10/5/2024,10/6/2024,10/7/2024,J&T Express PH,"Magallanes, Cavite",Coins and voucher,Yes,N/A,N/A
910125582111266,Herbs seeds - Thyme,19.00,1,Garden maintenace,Paylater,Seeds Depot,10/5/2024,10/6/2024,10/7/2024,J&T Express PH,"Magallanes, Cavite",Coins and voucher,Yes,N/A,N/A
910125582111266,Herbs seeds - Dill,9.00,1,Garden maintenace,Paylater,Seeds Depot,10/5/2024,10/6/2024,10/7/2024,J&T Express PH,"Magallanes, Cavite",Coins and voucher,Yes,N/A,N/A
910125582111266,Herbs seeds - fennel,16.00,1,Garden maintenace,Paylater,Seeds Depot,10/5/2024,10/6/2024,10/7/2024,J&T Express PH,"Magallanes, Cavite",Coins and voucher,Yes,N/A,N/A
902923284511266,Termites killer spray,252.20,2,House Maintenace,Cash on delivery,Leah Club,10/5/2024,10/04/2024,10/7/2024,J&T Express PH,"Magallanes, Cavite",Coins and voucher,Yes,N/A,N/A
901783899911266,Badminton Racket,"1,074.24",1,Pasabuy,Paylater,BLGDG,10/5/2024,10/1/2024,10/2/2024,J&T Express PH,"Magallanes, Cavite",Voucher,Yes,N/A,N/A
901783899911266,Badminton Racket,"1,074.22",1,Pasabuy,Paylater,BLGDG,10/5/2024,N/A,N/A,N/A,"Magallanes, Cavite",Voucher,Yes,Yes,Change of mind
901493696111266,Multifunction rope,58.05,5,Garden maintenace,Credit Card,GM Philippines,10/3/2024,10/1/2024,10/2/2024,J&T Express PH,"Magallanes, Cavite",0,Yes,N/A,N/A
901493696111266,Bath Gloves,8.83,1,Personal use,Credit Card,GM Philippines,9/30/2024,10/1/2024,10/2/2024,J&T Express PH,"Magallanes, Cavite",0,Yes,N/A,N/A
901493696111266,Brush the whole body,20.00,1,Personal use,Credit Card,GM Philippines,9/30/2024,10/1/2024,10/2/2024,J&T Express PH,"Magallanes, Cavite",0,Yes,N/A,N/A
901493696111266,Charcoal toothpaste,15.71,1,Personal use,Credit Card,GM Philippines,9/30/2024,10/1/2024,10/2/2024,J&T Express PH,"Magallanes, Cavite",0,Yes,N/A,N/A
901493696111266,Cotton buds,6.87,1,Personal use,Credit Card,GM Philippines,9/30/2024,10/1/2024,10/2/2024,J&T Express PH,"Magallanes, Cavite",0,Yes,N/A,N/A
901493696111266,Car mount,64.02,1,Car maintenace,Credit Card,GM Philippines,9/30/2024,10/1/2024,10/2/2024,J&T Express PH,"Magallanes, Cavite",0,Yes,N/A,N/A
901493696111266,Pet bath massage,27.49,1,Pet Care,Credit Card,GM Philippines,9/30/2024,10/1/2024,10/2/2024,J&T Express PH,"Magallanes, Cavite",0,Yes,N/A,N/A
900855826911266,Base for washing machine,202.82,1,House Maintenace,Credit Card,Home Zania,9/30/2024,9/28/2024,9/29/2024,Flash express PH,"Magallanes, Cavite",Coins and voucher,Yes,N/A,N/A
900451819211266,Plastic bag smiley face,43.00,1,House Maintenace,Credit Card,fazxy,9/30/2024,9/29/2024,9/30/2024,Flash express PH,"Magallanes, Cavite",Coins,Yes,N/A,N/A
900451819211266,Vegetable seeds upo,10.00,1,Garden maintenace,Credit Card,fazxy,9/30/2024,9/29/2024,9/30/2024,Flash express PH,"Magallanes, Cavite",Coins,Yes,N/A,N/A
900451819211266,Vegetable seeds kinchay,7.00,1,Garden maintenace,Credit Card,fazxy,9/28/2024,9/29/2024,9/30/2024,N/A,"Magallanes, Cavite",Coins,Yes,Yes,Missing items
900451819211266,Vegetable seeds cabbage,1.00,1,Garden maintenace,Credit Card,fazxy,9/27/2024,9/29/2024,9/30/2024,Flash express PH,"Magallanes, Cavite",Coins,Yes,N/A,N/A
900451819211266,Cable tie white,48.00,1,Garden maintenace,Credit Card,fazxy,9/27/2024,9/29/2024,9/30/2024,Flash express PH,"Magallanes, Cavite",Coins,Yes,N/A,N/A
900451819211266,Cable tie black,48.00,1,Garden maintenace,Credit Card,fazxy,9/27/2024,9/29/2024,9/30/2024,Flash express PH,"Magallanes, Cavite",Coins,Yes,N/A,N/A
906981319011266,Towel gray,102.00,1,Personal use,Credit Card,Twol,09/27/2024,9/27/2024,9/29/2024,Flash express PH,"Magallanes, Cavite",Coins,Yes,N/A,N/A
906981319011266,Towel brown,102.00,1,Personal use,Credit Card,Twol,9/27/2024,9/27/2024,9/29/2024,Flash express PH,"Magallanes, Cavite",Coins,Yes,N/A,N/A
900072450811266,Electric Toothbrush,188.00,1,Personal use,Credit Card,New E99,9/27/2024,09/26/2024,9/27/2024,LEX PH,"Silang, Cavite",Coins,Yes,N/A,N/A
900072450811266,Electric Toothbrush,188.00,1,Others,Credit Card,New E99,9/27/2024,9/27/2024,9/27/2024,LEX PH,"Silang, Cavite",Coins,Yes,N/A,N/A
900072450611266,Armor case Iphone 13,279.00,1,Others,Credit Card,Optimus Cazes.ph,9/27/2024,9/26/2024,9/27/2024,LEX PH,"Silang, Cavite",Coins,Yes,N/A,N/A
898619889411266,Aircon cleaner,169.00,1,Car maintenace,Credit Card,Peace and joy,9/26/2024,9/23/2024,9/24/2024,Flash express PH,"Magallanes, Cavite",Coins,Yes,N/A,N/A
89861998111266,Interior Protectant,78.00,1,Car maintenace,Credit Card,Ground Zero Car care,9/26/2024,9/23/2024,9/24/2024,J&T Express PH,"Magallanes, Cavite",Coins and voucher,Yes,N/A,N/A
89861998111266,Watermarks remover,78.00,1,Car maintenace,Credit Card,Ground Zero Car care,9/26/2024,9/23/2024,9/24/2024,J&T Express PH,"Magallanes, Cavite",Coins and voucher,Yes,N/A,N/A
903205129411266,Rivers Medium compound,291.52,1,Car maintenace,Credit Card,Rivers,9/22/2024,9/17/2024,9/18/2924,J&T Express PH,"Magallanes, Cavite",Coins,Yes,N/A,N/A
902857917311266,Car polishing disks 8 pcs 5 inch,156.00,1,Car maintenace,Credit Card,LOVESHOPP.PH,9/22/2024,9/17/2024,9/18/2024,J&T Express PH,"Magallanes, Cavite",Coins,Yes,N/A,N/A
89634285811266,Car polishing pads 6 inch 5pcs,175.43,1,Car maintenace,Credit Card,Motus Motors,9/22/2024,N/A,N/A,N/A,"Magallanes, Cavite",Coins,Yes,Yes,Change of mind
896171059411266,Air contioner cleaner spray,139.44,2,Car maintenace,Cash on Delivery,Goyota,9/17/2024,9/16/2024,9/17/2024,J&T Express PH,"Magallanes, Cavite",Coins and voucher,No,N/A,N/A
895340853811266,Double headed eyebrow pencil,53.07,1,Personal use,Paylater,MZ aidizai,9/16/2024,9/17/2024,9/18/2024,Flash express PH,"Magallanes, Cavite",Coins,Yes,N/A,N/A
895340853811266,Eyebrow gel cream,64.67,1,Personal use,Paylater,MZ aidizai,9/16/2024,9/17/2024,9/18/2024,Flash express PH,"Magallanes, Cavite",Coins,Yes,N/A,N/A
895340853811266,Zudaifu Natural chinese herb cream,88.38,2,Personal use,Paylater,MZ aidizai,9/16/2024,9/17/2024,9/18/2024,Flash express PH,"Magallanes, Cavite",Coins,Yes,N/A,N/A
895164487311266,GYm fitness shorts,487.90,5,Others,Credit Card,PIRMA,9/14/2024,9/15/2024,9/16/2024,J&T Express PH,"Magallanes, Cavite",Coins and voucher,Yes,N/A,N/A
901551337611266,Aquarium Regular siphon pump,37.90,1,Pet Care,Credit Card,CARTOYOU,9/14/2024,9/14/2024,9/15/2024,J&T Express PH,"Magallanes, Cavite",Coins,Yes,N/A,N/A
901551337611266,High-end microfiber,73.63,1,Car maintenace,Credit Card,CARTOYOU,9/14/2024,9/14/2024,9/15/2024,J&T Express PH,"Magallanes, Cavite",Coins,Yes,N/A,N/A
901551337611266,Emergency car extinguisher,73.45,1,Car maintenace,Credit Card,CARTOYOU,9/13/2024,9/14/2024,9/15/2024,J&T Express PH,"Magallanes, Cavite",Coins,Yes,N/A,N/A
895120466111266,Car one button deodorant air spray,67.48,1,Car maintenace,Credit Card,Motus Motors,9/13/2024,9/15/2024,9/16/2024,Flash express PH,"Magallanes, Cavite",Coins and voucher,Yes,N/A,N/A
895120466111266,Buffing polishing pads,75.19,1,Car maintenace,Credit Card,Motus Motors,9/13/2024,9/15/2024,9/16/2024,N/A,"Magallanes, Cavite",Coins and voucher,Yes,Yes,Missing items
895120466111266,Wash glove  anti scratch for car,17.35,1,Car maintenace,Credit Card,Motus Motors,9/13/2024,9/15/2024,9/16/2024,Flash express PH,"Magallanes, Cavite",Coins and voucher,Yes,N/A,N/A
895120466111266,2PCS of automotive reversing mirror,34.70,1,Car maintenace,Credit Card,Motus Motors,9/13/2024,9/15/2024,9/16/2024,Flash express PH,"Magallanes, Cavite",Coins and voucher,Yes,N/A,N/A
895120466111266,Car rubber refurbished wipes,26.99,1,Car maintenace,Credit Card,Motus Motors,9/13/2024,9/15/2024,9/16/2024,Flash express PH,"Magallanes, Cavite",Coins and voucher,Yes,N/A,N/A
895120465811266,Honeymoon glow lipstick,479.00,1,Others,Credit Card,Happy Skin,9/13/2024,9/14/2024,9/15/2024,J&T Express PH,"Magallanes, Cavite",Coins and voucher,Yes,N/A,N/A
895120465811266,It girl,272.52,1,Personal use,Credit Card,Happy Skin,9/13/2024,9/14/2024,9/15/2024,J&T Express PH,"Magallanes, Cavite",Coins and voucher,Yes,N/A,N/A
895120466711266,Riverss Compound super finish,286.44,1,Car maintenace,Credit Card,Rivers,9/13/2024,9/16/2024,9/17/2024,Flash express PH,"Magallanes, Cavite",Coins and voucher,Yes,N/A,N/A
895120466711266,Paint correction compound,284.34,1,Car maintenace,Credit Card,Rivers,9/13/2024,9/16/2024,9/17/2024,Flash express PH,"Magallanes, Cavite",Coins and voucher,Yes,N/A,N/A
895120466711266,Graphene Wax,299.50,1,Car maintenace,Credit Card,Rivers,9/13/2024,9/16/2024,9/17/2024,Flash express PH,"Magallanes, Cavite",Coins and voucher,Yes,N/A,N/A
892844494911266,Epilator Women,389.42,1,Personal use,Credit Card,Kemei Official-Philippines,9/13/2024,9/10/2024,9/11/2024,J&T Express PH,"Magallanes, Cavite",Coins and voucher,Yes,N/A,N/A
892532011811266,Bedsheets 3in1 single bed,128.00,1,House Maintenace,Credit Card,ELOI CELLPHONE ACCESSORIES TRADING,9/13/2024,9/10/2024,9/10/2024,J&T Express PH,"Magallanes, Cavite",Coins and voucher,Yes,N/A,N/A
892532011811266,Realme Buds in-ear Earphone,45.00,1,Personal use,Credit Card,ELOI CELLPHONE ACCESSORIES TRADING,9/13/2024,9/11/2024,9/11/2024,J&T Express PH,"Magallanes, Cavite",Coins and voucher,Yes,N/A,N/A
892532011811266,Styleclub Nova Foldable Mini Hair Blower,75.00,1,Personal use,Credit Card,ELOI CELLPHONE ACCESSORIES TRADING,9/9/2024,9/12/2024,9/12/2024,J&T Express PH,"Magallanes, Cavite",Coins and voucher,Yes,N/A,N/A
892497457511266,Vaseline lip care,151.04,1,Personal use,Credit Card,Uniliver Beauty,9/9/2024,9/9/2024,9/11/2024,LEX PH,Navotas City,Coins and voucher,Yes,N/A,N/A
889570883911266,Termites killer spray powder,102.60,1,House Maintenace,Credit Card,Leah Club,9/3/2024,9/4/2024,9/5/2024,Flash express PH,"Magallanes, Cavite",Coins and voucher,Yes,N/A,N/A
889570883911266,Temites killer spray,110.70,1,House Maintenace,Credit Card,Leah Club,9/3/2024,9/4/2024,9/5/2024,Flash express PH,"Magallanes, Cavite",Coins and voucher,Yes,N/A,N/A
895509719211266,1pc Large laudry mesh,40.90,1,House Maintenace,Paylater,BLIVO,9/2/2024,9/4/2024,9/5/2024,Flash express PH,"Magallanes, Cavite",Coins,Yes,N/A,N/A
895509719211266,Laundry ball clother hair remover,11.00,1,House Maintenace,Paylater,BLIVO,9/2/2024,9/4/2024,9/5/2024,Flash express PH,"Magallanes, Cavite",Coins,Yes,N/A,N/A
895509719211266,Eyebrow trimmer scissors,34.00,1,Personal use,Paylater,BLIVO,9/2/2024,9/4/2024,9/5/2024,Flash express PH,"Magallanes, Cavite",Coins,Yes,N/A,N/A
895509719211266,BLIVO wall storage hook Blue,3.80,1,House Maintenace,Paylater,BLIVO,9/2/2024,9/4/2024,9/5/2024,Flash express PH,"Magallanes, Cavite",Coins,Yes,N/A,N/A
895509719211266,BLIVO wall storage hook Yellow,3.80,1,House Maintenace,Paylater,BLIVO,9/2/2024,9/4/2024,9/5/2024,Flash express PH,"Magallanes, Cavite",Coins,Yes,N/A,N/A
895509719211266,BLIVO wardrobe air freshening paper bag Liliy,5.50,1,Personal use,Paylater,BLIVO,9/2/2024,9/4/2024,9/5/2024,Flash express PH,"Magallanes, Cavite",Coins,Yes,N/A,N/A
895509719211266,BLIVO wardrobe air freshening paper bag Ocean,5.50,1,Personal use,Paylater,BLIVO,9/2/2024,9/4/2024,9/5/2024,Flash express PH,"Magallanes, Cavite",Coins,Yes,N/A,N/A
895509719211266,BLIVO wardrobe air freshening paper bag Jasmine,5.50,1,Personal use,Paylater,BLIVO,9/2/2024,9/4/2024,9/5/2024,Flash express PH,"Magallanes, Cavite",Coins,Yes,N/A,N/A
895509719211266,BLIVO wardrove air freshening paper bag Rose,5.50,1,Personal use,Paylater,BLIVO,9/2/2024,9/4/2024,9/5/2024,Flash express PH,"Magallanes, Cavite",Coins,Yes,N/A,N/A
895509719211266,BLIVO plug holdet wall-mounted,10.80,1,House Maintenace,Paylater,BLIVO,9/2/2024,9/4/2024,9/5/2024,Flash express PH,"Magallanes, Cavite",Coins,Yes,N/A,N/A
895509719211266,Safety soft transparent PVC Protector for table,38.00,10,Pasabuy,Paylater,BLIVO,9/2/2024,9/4/2024,9/5/2024,Flash express PH,"Magallanes, Cavite",Coins,Yes,N/A,N/A
895100388411266,Foliar Fertilizer 1 Gallon,339.73,1,Garden maintenace,Credit Card,PlanTinaNepo,9/1/2024,9/3/2024,9/4/2024,J&T Express PH,"Magallanes, Cavite",Coins and voucher,Yes,N/A, N/A
895072989911266,LUGG High pressure Water Spray Gun,"1,548.30",1,Car maintenace,Credit Card,LUGG,9/1/2024,9/1/2024,9/2/2024,J&T Express PH,"Magallanes, Cavite",Coins and voucher,Yes,N/A, N/A
892389585311266,6PCS Women comfortable seamless panty,159.00,1,Personal use,Credit Card,CH-EN SHOP,8/26/2024,8/26/2024,8/28/2024,J&T Express PH,"Magallanes, Cavite",N/A,Yes,N/A,N/A
892387597511266,HOMECARE PH. Baby walker,554.68,1,Others,Credit Card,HOMECARE.PH,8/26/2024,8/26/2024,8/27/2024,Flash express PH,"Magallanes, Cavite",Coins and voucher,Yes,N/A,N/A
890629701211266,Links used to replenish missing goods,39.00,1,Car maintenace,Paylater,SAMSUNG ELECTRONICS PH,8/21/2024,8/22/2024,8/23/2024,J&T Express PH,"Magallanes, Cavite",No,No,Yes,Replacement for defective unit
883127491011266,Vermicast,110.00,1,Garden maintenace,Paylater,JC's Green Garden,8/19/2024,8/19/2024,8/20/2024,J&T Express PH,"Magallanes, Cavite",Coins,Yes,N/A,N/A
883127491011266,Kangkong seeds,8.00,1,Garden maintenace,Paylater,JC's Green Garden,8/19/2024,8/19/2024,8/20/2024,J&T Express PH,"Magallanes, Cavite",Coins,Yes,N/A,N/A
883127491011266,Bunching onions seeds,18.00,1,Garden maintenace,Paylater,JC's Green Garden,8/19/2024,8/19/2024,8/20/2024,J&T Express PH,"Magallanes, Cavite",Coins,Yes,N/A,N/A
883127491011266,Rapid Lettuce seeds,19.00,1,Garden maintenace,Paylater,JC's Green Garden,8/19/2024,8/19/2024,8/20/2024,J&T Express PH,"Magallanes, Cavite",Coins,Yes,N/A,N/A
883127491011266,Pechay seeds,8.00,1,Garden maintenace,Paylater,JC's Green Garden,8/19/2024,8/19/2024,8/20/2024,J&T Express PH,"Magallanes, Cavite",Coins,Yes,N/A,N/A
888048993111266,Samsung 4 in 1 Powerful vacuum cleaner,958.92,1,Car maintenace,Credit Card,SAMSUNG ELECTRONICS PH,8/15/2024,8/16/2024,8/17/2024,J&T Express PH,"Magallanes, Cavite",Coins and voucher,Yes,N/A,N/A
885382189911266,Stainless steel door lock,198.61,1,House Maintenace,Credit Card,New_House,8/10/2024,N/A,N/A,N/A,"Magallanes, Cavite",Voucher,Yes,N/A,N/A
878671259311266,Rebisco Assorted Falvors biscuits,352.80,1,Kitchen,Credit Card,LazMart,8/9/2024,08/10/2024,8/11/2024,J&T Express PH,"Magallanes, Cavite",Coins,Yes,N/A,N/A
883151715111266,1ROLL- High quality black garbage bag,86.00,2,House Maintenace,Credit Card,JLJ Gen. Merchandise,8/6/2024,8/6/2024,8/7/2024,J&T Express PH,"Magallanes, Cavite",Coins,No,N/A,N/A
882772167611266,T&J Orbik 2 gang universe outlet with switches,909.40,6,House Maintenace,Credit Card,MACDESIGN HOME,8/5/2024,8/5/2024,8/6/2024,LEX PH,"Silang, Cavite",Coins and voucher,Yes,N/A,N/A
882787306911266,fs bag,127.20,1,Personal use,Credit Card,F&S Shopaholic,8/5/2024,8/5/2024,8/7/2024,Flash express PH,"Magallanes, Cavite",Coins and voucher,Yes,N/A,N/A
882787306111266,Curled parsley seeds,9.00,1,Garden maintenace,Credit Card,Green Thumb Greenery,8/5/2024,8/6/2024,8/8/2024,Ninja Van PH,"Magallanes, Cavite",Coins and voucher,Yes,N/A,N/A
882787306111266,Red Alugbati seeds,9.00,1,Garden maintenace,Credit Card,Green Thumb Greenery,8/5/2024,8/6/2024,8/8/2024,Ninja Van PH,"Magallanes, Cavite",Coins and voucher,Yes,N/A,N/A
882787306111266,Green Alugbati seeds,9.00,1,Garden maintenace,Credit Card,Green Thumb Greenery,8/5/2024,8/6/2024,8/8/2024,Ninja Van PH,"Magallanes, Cavite",Coins and voucher,Yes,N/A,N/A
882787306111266,Wansoy,9.00,1,Garden maintenace,Credit Card,Green Thumb Greenery,8/5/2024,8/6/2024,8/8/2024,Ninja Van PH,"Magallanes, Cavite",Coins and voucher,Yes,N/A,N/A
882787306111266,Kinchay seeds ,9.00,1,Garden maintenace,Credit Card,Green Thumb Greenery,8/5/2024,8/6/2024,8/8/2024,Ninja Van PH,"Magallanes, Cavite",Coins and voucher,Yes,N/A,N/A
882787306111266,Celery seeds,9.00,1,Garden maintenace,Credit Card,Green Thumb Greenery,8/5/2024,8/6/2024,8/8/2024,Ninja Van PH,"Magallanes, Cavite",Coins and voucher,Yes,N/A,N/A
882787306111266,Hydrophonics complete kit-4,899.00,1,Garden maintenace,Credit Card,Green Thumb Greenery,8/5/2024,8/6/2024,8/8/2024,Ninja Van PH,"Magallanes, Cavite",Coins and voucher,Yes,N/A,N/A
882787305911266,Bosch advantage wiper bladeq,579.00,1,Car maintenace,Credit Card,Grand Luxor,8/5/2024,8/6/2024,8/8/2024,Ninja Van PH,"Magallanes, Cavite",Voucher,No,N/A ,N/A
882012183311266,Tire wheel rims silver,47.00,1,Car maintenace,Credit Card,A5fpCja4,8/3/2024,8/4/2024,8/6/2024,J&T Express PH,"Magallanes, Cavite",N/A,No,N/A,N/A
882012183311266,Tire wheel rims mitsubushi silver,47.00,1,Car maintenace,Credit Card,A5fpCja5,8/3/2024,8/4/2024,8/6/2024,J&T Express PH,"Magallanes, Cavite",N/A,No,N/A,N/A
882012183011266,Shrimp chips crackers,55.00,1,Kitchen,Credit Card,jnj mktg,8/3/2024,N/A,N/A,N/A,"Magallanes, Cavite",N/A,Yes,Yes,Delivery time too long
882012183011266,Merienda time biscuits ,255.00,1,Kitchen,Credit Card,jnj mktg,8/3/2024,N/A,N/A,N/A,"Magallanes, Cavite",N/A,Yes,Yes,Delivery time too long
880259957111266,Colloar for cat Rose red,8.83,1,Pet Care,Credit Card,ZIAKA Pet Accessories,7/30/2024,7/31/2024,08/01/2024,J&T Express PH,"Magallanes, Cavite",Voucher,Yes,N/A,N/A
880259957111266,Stainless steel dog chain,17.00,1,Pet Care,Credit Card,ZIAKA Pet Accessories,7/30/2024,7/31/2024,08/01/2024,J&T Express PH,"Magallanes, Cavite",Voucher,Yes,N/A,N/A
880259957111266,Stainless Steek Dog Chain & Collars,153.60,3,Pet Care,Credit Card,ZiaKA Pet Accessories,7/30/2024,7/31/2024,08/01/2024,J&T Express PH,"Magallanes, Cavite",Voucher,Yes,N/A,N/A
880259956911266,2PCS Motorcycle Scooter Rear Mirror Adapters,53.19,1,Pasabuy,Credit Card,ReeK Auto Parts store,7/30/2024,7/30/2024,7/31/2024,J&T Express PH,"Magallanes, Cavite",Coins,Yes,N/A,N/A
878106730611266,Infrared Super Energy King Massage,332.31,1,Personal use,Credit Card,JERICHAL SHOP,7/24/2024,7/26/2024,7/27/2024,J&T Express PH,"Magallanes, Cavite",Coins,Yes,N/A,N/A
868799855111266,Lee Kum Kee Sesame oil,109.00,1,Kitchen,Credit Card,LazMart,7/17/2024,7/17/2024,7/18/2024,J&T Express PH,"Magallanes, Cavite",N/A,Yes,N/A,N/A
868799855111266,Mega Prime whole mushroom,120.23,1,Kitchen,Credit Card,LazMart,7/17/2024,7/17/2024,7/18/2024,J&T Express PH,"Magallanes, Cavite",N/A,Yes,N/A,N/A
868790464211266,EIDERFINCH 3 PCS Gardening shovel tool set,56.14,1,Garden maintenace,Credit Card,Gonzalez General Merchandise,7/17/2024,7/19/2024,7/20/2024,Flash express PH,"Magallanes, Cavite",Coins,Yes,N/A,N/A
868804034011266,Bavin Camera Lens Protector,79.00,1,Personal use,Paylater,BAVIN,7/17/2024,7/18/2024,7/20/2024,Flash express PH,"Magallanes, Cavite",N/A,Yes,N/A,N/A
868804034011266,Tempered glass iphone 13,139.00,1,Personal use,Paylater,BAVIN,7/17/2024,7/18/2024,7/20/2024,Flash express PH,"Magallanes, Cavite",N/A,Yes,N/A,N/A
868804033811266,Heat resistant Glass Teapot set,308.00,1,Kitchen,Paylater,phighty,7/17/2024,7/18/2024,7/20/2024,Ninja Van PH,"Magallanes, Cavite",Coins and voucher,Yes,N/A,N/A
868804033611266,2pcs Garden Pruning Shears set,39.20,1,Garden maintenace,Paylater,Beauty777,7/17/2024,7/18/2024,7/19/2024,J&T Express PH,"Magallanes, Cavite",Coins and voucher,Yes,N/A,N/A
874317367811266,Korean glass noodles 300g,119.00,1,Kitchen,Paylater,Best K,7/16/2024,7/16/2024,7/17/2024,Flash express PH,"Magallanes, Cavite",N/A,No,N/A,N/A
874317367811266,Korean glass noodles 500g,149.00,1,Kitchen,Paylater,Best K,7/16/2024,7/16/2024,7/17/2024,Flash express PH,"Magallanes, Cavite",N/A,No,N/A,N/A
874041723111266,ebike side mirror with fashionable design,239.00,1,Pasabuy,Paylater,AOP Electronics Center,7/16/2024,07/15/2024,7/16/2024,Flash express PH,"Magallanes, Cavite",Coins,Yes,N/A,N/A
863791699111266,Electric piano keyboard,399.00,1,Others,Paylater,A.H home,7/7/2024,7/8/2024,7/10/2024,LEX PH,"Silang, Cavite",N/A,Yes,N/A,N/A
862072866311266,Adjustable finger splint brace,75.00,1,Personal use,Credit Card,ZECHEN SPorts Mall,7/4/2024,7/4/2024,7/5/2024,J&T Express PH,"Magallanes, Cavite",Coins,N/A,N/A,N/A
861224485511266,Mitsubishi Adventure back stay shock gas strut lift support,556.00,1,Car maintenace,Paylater,Zstart PH,7/2/2024,7/3/2024,7/5/2024,Flash express PH,"Magallanes, Cavite",N/A,Yes,N/A,N/A
861127611611266,Niacinamine tawas soap,174.24,2,Others,Paylater,Trading beauty,7/2/2024,7/3/2024,7/4/2024,J&T Express PH,"Magallanes, Cavite",N/A,Yes,N/A,N/A
867173528311266,GAA Massage gun,273.08,1,Personal use,Paylater,GAA Super Appliances,7/2/2024,N/A,N/A,N/A,"Magallanes, Cavite",Coins and voucher,Yes,Yes,Cancelled
866930974511266,trapal waterproof 3ftx9ft,76.00,1,Car maintenace,Paylater,PELX,7/1/2024,7/3/2024,7/4/2024,J&T Express PH,"Magallanes, Cavite",N/A,Yes,N/A,N/A
866930974511266,trapal waterproof 9ftx12ft,287.00,1,Car maintenace,Paylater,PELX,7/1/2024,7/3/2024,7/4/2024,J&T Express PH,"Magallanes, Cavite",N/A,Yes,N/A,N/A
860805893511266,12v portable tire inflator,358.90,1,Car maintenace,Paylater,ECOPURE water technology,7/1/2024,7/2/2024,07/03/2024,J&T Express PH,"Magallanes, Cavite",Coins,Yes ,N/A,N/A
860822237911266,Seamless breatheable underwear panty red,29.00,1,Personal use,Paylater,TopSellMarket,7/1/2024,7/2/2024,7/3/2024,J&T Express PH,"Magallanes, Cavite",Coins,Yes,N/A,N/A
860822237911266,Seamless breatheable underwear panty black,29.00,1,Personal use,Paylater,TopSellMarket,7/1/2024,7/2/2024,7/3/2024,J&T Express PH,"Magallanes, Cavite",Coins,Yes,N/A,N/A
860822237911266,Seamless breathable underwear panty skin,29.00,1,Personal use,Paylater,TopSellMarket,7/1/2024,7/2/2024,7/3/2024,J&T Express PH,"Magallanes, Cavite",Coins,Yes,N/A,N/A
859710379111266,Wanli 185 (8ply) tire,"3,650.32",2,Car maintenace,Paylater,All tires Ph,6/16/2024,6/20/2024,6/21/2024,Flash express PH,"Magallanes, Cavite",Coins and voucher,Yes,N/A,N/A
849665460711266,Lactobacillus acidophilus Probiotic,260.03,1,Personal use,Paylater,Vitality Official store,6/10/2024,6/10/2024,6/11/2024,Flash express PH,"Magallanes, Cavite",Coins and voucher,Yes,N/A,N/A
853957790611266,Kangkong seeds,7.74,1,Garden maintenace,Credit Card,JC's Green Garden,6/7/2024,6/8/2024,6/9/2024,J&T Express PH,"Magallanes, Cavite",Coins and voucher,Yes,N/A,N/A
853957790611266,Tomato seeds,11.26,1,Garden maintenace,Credit Card,JC's Green Garden,6/7/2024,6/8/2024,6/9/2024,J&T Express PH,"Magallanes, Cavite",Coins and voucher,Yes,N/A,N/A
853957790611266,Bunching onions seeds,17.42,1,Garden maintenace,Credit Card,JC's Green Garden,6/7/2024,6/8/2024,6/9/2024,J&T Express PH,"Magallanes, Cavite",Coins and voucher,Yes,N/A,N/A
853957790611266,Hydrophinics nutrient solutions,157.78,1,Garden maintenace,Credit Card,JC's Green Garden,6/7/2024,6/8/2024,6/9/2024,J&T Express PH,"Magallanes, Cavite",Coins and voucher,Yes,N/A,N/A
853957790211266,Tape waterproof aluminum foil 30cmx5m,264.60,1,House Maintenace,Credit Card,No.10 Homestore,6/7/2024,6/22/2024,6/22/2024,Ninja Van PH,"Magallanes, Cavite",Voucher,Yes,N/A,N/A
853957790211266,Tape waterproof aluminum foil 20cmx5m,349.92,1,House Maintenace,Credit Card,No.10 Homestore,6/7/2024,6/22/2024,6/22/2024,Ninja Van PH,"Magallanes, Cavite",Voucher,Yes,N/A,N/A
853957790011266,100 sheets of baking paper,78.00,1,Kitchen,Credit Card,Gosprit,6/7/2024,6/8/2024,N/A,N/A,"Magallanes, Cavite",N/A,Yes,Yes,Cancelled
853957789811266,Digital oil Paint,60.59,1,Others,Credit Card,DLC stationary store,6/7/2024,6/9/2024,6/10/2024,Flash express PH,"Magallanes, Cavite",Coins and voucher,Yes,N/A,N/A
853957789611266,Farber ware classic wood rolling pin,95.00,1,Kitchen,Credit Card,W&G,6/7/2024,6/8/2024,6/9/2024,J&T Express PH,"Magallanes, Cavite",Coins,Yes,N/A,N/A
853957789411266,Tissue holder wall-mounted,44.45,1,House Maintenace,Credit Card,Superf ph,6/7/2024,6/9/2024,6/10/2024,Flash express PH,"Magallanes, Cavite",Coins and voucher,Yes,N/A,N/A
853957789211266,Mitsushi camoing burner gas,145.74,1,Kitchen,Credit Card,Mitsushi Certified,6/7/2024,006/07/2024,N/A,N/A,"Magallanes, Cavite",Cancelled,Yes ,Yes,Cancelled
853957789011266,Curved pruning saw high-altitude,140.80,1,House Maintenace,Credit Card,BrightnessTools,6/7/2024,6/7/2024,6/14/2024,Ninja Van PH,"Magallanes, Cavite",Voucher,Yes,N/A,N/A
853957788811266,Ipad keyboard with case with pencil holder,770.46,1,Others,Credit Card,goojodoqstore.ph,6/5/2024,6/7/2024,6/8/2024,Flash express PH,"Magallanes, Cavite",Coins and voucher,Yes,N/A,N/A
846084826711266,2pcs oval 8 support protection ,41.43,1,Personal use,Credit Card,Peti Studio,5/31/2024,N/A,6/10/2024,Flash express PH,"Magallanes, Cavite",Voucher,Yes,N/A,N/A
849842972011266,Rivers water marks remover,92.82,1,Car maintenace,Credit Card,Rivers,5/31/2024,6/1/2024,6/2/2024,Flash express PH,"Magallanes, Cavite",Coins,Yes,N/A,N/A
841925240911266,Car Plastic restorer plosh 50ml,174.59,1,Car maintenace,Credit Card,Global Merch Park,5/30/2024,6/3/2024,6/7/2024,N/A,"Magallanes, Cavite",Coins and voucher,Yes,N/A,N/A
841925240911266,Retractable back scratcher,51.96,1,Personal use,Credit Card,Global Merch Park,5/29/2024,5/31/2024,N/A,Flash express PH,"Magallanes, Cavite",Coins and voucher,Yes,Yes,Lost in transit
841925240911266,Tenosynovitis brace bandage stabiliser thumb,67.10,1,Others,Credit Card,Global Merch Park,5/28/2024,6/1/2024,6/4/2024,Flash express PH,"Magallanes, Cavite",Coins and voucher,Yes,N/A,N/A
841925240911266,5m Nano tape double-sided adhesive tape,76.40,1,House Maintenace,Credit Card,Global Merch Park,5/28/2024,6/2/2024,N/A,Flash express PH,"Magallanes, Cavite",Coins and voucher,Yes,Yes,Lost in transit
841925240911266,Car charger,115.34,1,Car maintenace,Credit Card,Global Joy,5/28/2024,N/A,N/A,J&T Express PH,"Magallanes, Cavite",Coins,Yes,N/A,N/A
848056933311266,Aquarium Top Filter 12/20watts,149.00,1,Pet Care,Credit Card,Fishing&Aquarium,5/21/2024,5/28/2024,5/29/2024,J&T Express PH,"Magallanes, Cavite",N/A,Yes,N/A,N/A
838800484411266,HiPP Organic CS Infant Formula (800gx3),"5,985.00",1,Pasabuy,E-wallet,HiPP Organic,5/16/2024,5/21/2024,5/22/2024,J&T Express PH,"Magallanes, Cavite",N/A,Yes,N/A,N/A
842491938011266,Lenovo V7 9.66 Inch dashcam,"2,068.00",1,Car maintenace,Paylater,APPO TECHNOLOGY,5/16/2024,5/16/2024,5/17/2024,J&T Express PH,"Magallanes, Cavite",Voucher,Yes,N/A,N/A
835947060911266,Women sexy lace push up bra navy,105.00,1,Personal use,Paylater,One Piece Fashin and Accessories,5/16/2024,5/17/2024,5/18/2024,Flash express PH,"Magallanes, Cavite",Coins,Yes,N/A,N/A
835947060911266,Women sexy lace push up bra Pink,123.00,1,Personal use,Paylater,One Piece Fashin and Accessories,5/16/2024,5/17/2024,5/18/2024,Flash express PH,"Magallanes, Cavite",Coins,Yes,N/A,N/A
835933074911266,Breathable panty purple,32.50,1,Personal use,Paylater,Encounter August,5/16/2024,6/16/2024,5/17/2024,J&T Express PH,"Magallanes, Cavite",Coins,Yes,N/A,N/A
835933074911266,Breathable panty Blue,32.50,1,Personal use,Paylater,Encounter August,5/16/2024,6/16/2024,5/17/2024,J&T Express PH,"Magallanes, Cavite",Coins,Yes,N/A,N/A
835933074911266,Breathable panty red,32.50,1,Personal use,Paylater,Encounter August,5/16/2024,6/16/2024,5/17/2024,J&T Express PH,"Magallanes, Cavite",Coins,Yes,N/A,N/A
835933074911266,Breathable panty gray green,32.34,1,Personal use,Paylater,Encounter August,5/16/2024,6/16/2024,5/17/2024,J&T Express PH,"Magallanes, Cavite",Coins,Yes,N/A,N/A
835933074911266,Breathable panty apricot,32.50,1,Personal use,Paylater,Encounter August,5/16/2024,6/16/2024,5/17/2024,J&T Express PH,"Magallanes, Cavite",Coins,Yes,N/A,N/A
835933074911266,Breathable panty Green,32.50,1,Personal use,Paylater,Encounter August,5/9/2024,6/16/2024,5/17/2024,J&T Express PH,"Magallanes, Cavite",Coins,Yes,N/A,N/A
832396096011266,Car battery holder,130.34,1,Car maintenace,Paylater,Casco Automotive Aftermarket,5/6/2024,5/11/2024,5/12/2024,J&T Express PH,"Magallanes, Cavite",Coins,Yes,N/A,N/A
831041474411266,Universal Silicone Car Steering Wheel,69.28,1,Car maintenace,Paylater,Motus Motors,5/6/2024,5/7/2024,5/9/2024,LEX PH,"Tanza, Cavite",Coins,Yes,N/A,N/A
831041474411266,Car Coat paint pen,24.34,1,Car maintenace,Paylater,Motus Motors,5/6/2024,5/7/2024,5/9/2024,LEX PH,"Tanza, Cavite",Coins,Yes,N/A,N/A
831041474411266,Dashboard Car Phone holder,39.70,1,Car maintenace,Paylater,Motus Motors,5/6/2024,5/7/2024,5/9/2024,LEX PH,"Tanza, Cavite",Coins,Yes,N/A,N/A
831041474011266,Car air freshener Cool water refill,39.00,1,Car maintenace,Paylater,KNARFZ SHOP,5/6/2024,5/6/2024,5/8/2024,LEX PH,"Tanza, Cavite",Coins,Yes,N/A,N/A
831041474011266,Car air freshener Okada reifill,39.00,1,Car maintenace,Paylater,KNARFZ SHOP,5/6/2024,5/6/2024,5/8/2024,LEX PH,"Tanza, Cavite",Coins,Yes,N/A,N/A
831041474011266,Car air freshener Shanrila ,43.00,1,Car maintenace,Paylater,KNARFZ SHOP,5/4/2024,5/6/2024,5/8/2024,LEX PH,"Tanza, Cavite",Coins,Yes,N/A,N/A
825118046311266,Home native bamboo mats,629.10,1,House Maintenace,Credit Card,SUPER11 Home Life,4/25/2024,4/25/2024,4/27/2024,Ninja Van PH,"Magallanes, Cavite",Coins,Yes,N/A,N/A
821340435311266,XICCI Filp case for xiaomi redmi9T,150.39,1,Personal use,Credit Card,XICCI,4/17/2024,N/A,04/24/2024,J&T Express PH,"Magallanes, Cavite",Coins and voucher,Yes,N/A,N/A
821340435111266,Nike Dri-Fit Tennis cap - black,910.50,1,Others,Paylater,Nike,4/17/2024,4/17/2024,4/18/2024,J&T Express PH,"Magallanes, Cavite",Coins and voucher,Yes,N/A,N/A
818706624511266,Sewer dredging Electric drill spring pipe,279.00,1,House Maintenace,Paylater,Champs Mall,4/12/2024,4/13/2024,4/14/2024,J&T Express PH,"Magallanes, Cavite",N/A,Yes,N/A,N/A
818632290911266,Shower Curtain Plastic waterproof ,140.00,1,House Maintenace,Paylater,Eternal Textile,4/12/2024,4/13/2024,4/14/2024,Flash express PH,"Magallanes, Cavite",N/A,Yes,N/A,N/A
818632290711266,Strong muscle t shirt,242.00,1,Pasabuy,Paylater,Anime Fashion Store,4/12/2024,N/A,4/17/2024,J&T Express PH,"Magallanes, Cavite",Coins and voucher,Yes,N/A,N/A
818632290511266,Gold paint metal gold acrylic paint,124.41,1,Pasabuy,Paylater,yyt7DmKe,4/12/2024,4/13/2024,4/14/2024,J&T Express PH,"Magallanes, Cavite",Coins,Yes,N/A,N/A
822177594211266,HomeFurni Minimalist Sofa Side Table 40*40*53cm,366.14,1,Pasabuy,Paylater,HomeFurni,4/8/2024,4/8/2024,8/9/2024,Flash express PH,"Magallanes, Cavite",N/A,Yes,N/A,N/A
822186704611266,HomeFurni Minimalist Sofa Side Table 60*50*53cm,316.54,1,Pasabuy,Paylater,HomeFurni,4/8/2024,4/8/2024,N/A,Flash express PH,"Magallanes, Cavite",Coins and voucher,Yes,Yes,Lost in transit
816213452811266,Multifunctional kitchen thicken shelf storage rack,363.19,1,Kitchen,Paylater,ECO HOME.PH,4/8/2024,04/09/2024,04/10/2024,J&T Express PH,"Magallanes, Cavite",Coins and voucher,Yes,N/A,N/A
816213452511266,Eskinol Naturals Micellar facial wash,121.50,1,Personal use,Paylater,Uniliver Beauty,4/8/2024,4/8/2024,4/9/2024,J&T Express PH,"Magallanes, Cavite",N/A,Yes,N/A,N/A
815406245611266,Ref magnet souvenir giveaway,560.00,40,Pasabuy,E-wallet,Plutus Afflatus,4/7/2024,4/10/2024,4/12/2024,J&T Express PH,"Magallanes, Cavite",N/A,Yes,N/A,N/A
821651972911266,Ref magnet souvenir giveaway,420.00,30,Pasabuy,E-wallet,Plutus Afflatus,4/7/2024,N/A,N/A,N/A,"Magallanes, Cavite",N/A,Yes,Yes,Add order
821665722311266,Footprint Keychain,835.30,30,Pasabuy,E-wallet,HISNGO No. 1 Store,4/7/2024,04/08/2024,4/9/2024,J&T Express PH,"Magallanes, Cavite",Coins and voucher,Yes,N/A,N/A
815057602011266,Blue Fungicide,118.00,2,Others,Paylater,EGreen space aquatic & Pet supplies,4/5/2024,4/6/2024,4/7/2024,J&T Express PH,"Magallanes, Cavite",N/A,Yes ,N/A,N/A
820691766811266,Minimalist computer desk,203.61,1,House Maintenace,Paylater,minimalistic style,4/5/2024,4/6/2024,4/7/2024,J&T Express PH,"Magallanes, Cavite",Coins,Yes,N/A,N/A
814759430411266,High pressure handheld shower,108.46,1,House Maintenace,Paylater,phio2o,4/5/2024,4/6/2024,4/7/2024,J&T Express PH,"Magallanes, Cavite",Coins and voucher,Yes,N/A,N/A
814759430411266,Soap holder,0.00,1,House Maintenace,Paylater,phio2o,4/5/2024,4/6/2024,4/7/2024,J&T Express PH,"Magallanes, Cavite",Coins and voucher,Yes,N/A,N/A
814759430211266,Wooden laptop stand,129.81,1,Personal use,Paylater,Lifeu,4/5/2024,4/5/2024,4/6/2024,Flash express PH,"Magallanes, Cavite",Coins and voucher,Yes ,N/A,N/A
814759430711266,Stainless steel shower curtain rod,640.11,1,Pasabuy,Paylater,Xten HOME LIFE,4/4/2024,4/6/2024,4/7/2024,Ninja Van PH,"Magallanes, Cavite",Coins and voucher,Yes,N/A,N/A
820284725511266,Pet dog collar green,44.05,1,Pet Care,Paylater,Potatoo,4/4/2024,4/5/2024,4/6/2024,J&T Express PH,"Magallanes, Cavite",Voucher,Yes ,N/A,N/A
820284725511266,Pet dog collar red,43.07,1,Personal use,Paylater,Potatoo,4/4/2024,4/5/2024,4/6/2024,J&T Express PH,"Magallanes, Cavite",Voucher,Yes ,N/A,N/A
820284725511266,Pet dog collar blue-red,50.40,1,Pet Care,Paylater,Potatoo,4/4/2024,4/5/2024,4/6/2024,J&T Express PH,"Magallanes, Cavite",Voucher,Yes ,N/A,N/A
820284725911266,ipl permaent hair removal,952.55,1,Personal use,Paylater,CKK Beauty Mall,4/2/2024,4/5/2024,4/6/2024,J&T Express PH,"Magallanes, Cavite",Coins and voucher,Yes,N/A,N/A
813160207311266,1kg Selecta feeds for dog,306.52,4,Pet Care,Paylater,Fashion Elements,4/2/2024,4/4/2024,4/5/2024,J&T Express PH,"Magallanes, Cavite",Coins,Yes,N/A,N/A
813160207611266,taotaovats Delicious Cat food - Chicken,110.00,1,Pet Care,Paylater,PET_SHOP,4/2/2024,4/3/2024,4/4/2024,J&T Express PH,"Magallanes, Cavite",N/A,Yes ,N/A,N/A
813160207611266,taotaovats Delicious Cat food - Shrimp tuna,110.00,1,Pet Care,Paylater,PET_SHOP,4/2/2024,4/3/2024,4/4/2024,J&T Express PH,"Magallanes, Cavite",N/A,Yes ,N/A,N/A
812970094211266,HiPP Organic CS Infant Formula (800gx3),"6,034.50",1,Pasabuy,E-wallet,HiPP Organic,3/28/2024,4/2/2024,4/3/2024,J&T Express PH,"Magallanes, Cavite",N/A,No,N/A,N/A
810804028711266,Wireless mouse rechargable -rose gold,113.69,1,Personal use,E-wallet,PH_Mall,3/21/2024,03/28/2024,3/29/2024,J&T Express PH,"Magallanes, Cavite",Coins,Yes,N/A,N/A
814987524911266,HiPP Organic CS Infant Formula 800g,"2,083.00",1,Pasabuy,E-wallet,HiPP Organic,3/21/2024,3/25/2024,3/26/2024,J&T Express PH,"Magallanes, Cavite",No,No,N/A,N/A
807101456511266,"Shoulder bag, Grey, 15.6 inch",129.01,1,Personal use,Paylater,Sunkandi,3/21/2024,03/22/2024,3/23/2024,Flash express PH,"Magallanes, Cavite",Coins,Yes,N/A,N/A
807101456511266,Portable laptop notebook stand holder,22.80,1,Personal use,Paylater,EightFive,3/19/2024,3/22/2024,3/23/2024,Flash express PH,"Magallanes, Cavite",N/A,Yes,N/A,N/A
807101456511266,Doormat anti-slip bathroom,39.00,1,House Maintenace,Paylater,Brave Niuniu.Selection,3/19/2024,03/22/2024,3/23/2024,Flash express PH,"Magallanes, Cavite",N/A,Yes,N/A,N/A
211240391811266,Dell Inspiron 15 3525 15.6 inch,"32,995.00",1,Personal use,Savings,GAMEEXTREME,3/18/2024,3/20/2024,3/21/2024,J&T Express PH,"Magallanes, Cavite",N/A,Yes,N/A,N/A
805805834811266,GOOJODOQ ipad wireless keyboard with case,802.00,1,Pasabuy,Paylater,goojodoqstore.ph,3/16/2024,N/A,N/A,N/A,"Magallanes, Cavite",Coins and voucher,Yes,Yes,Cancelled
811094177411266,Arivo 195/50 R15 Tire,"5,155.00",3,Pasabuy,Paylater,All tires Ph,3/13/2024,3/21/0204,3/22/2024,J&T Express PH,"Magallanes, Cavite",Coins and voucher,Yes,N/A,N/A
804558800611266,Massage Gun Muscle Relaxation,395.00,1,Personal use,Paylater,Ta-mia,3/11/2024,3/18/2024,3/19/2024,LEX PH,"Dasmarias, Cavite",Coins,Yes,N/A,N/A
802715810111266,304 Stainless steel faucet,89.00,1,House Maintenace,Paylater,Little elephant,3/11/2024,3/14/2024,3/15/2024,J&T Express PH,"Magallanes, Cavite",N/A,Yes,N/A, N/A
801547872511266,2 pcs hand towels,35.00,1,Personal use,Paylater,Jhaixon's O Shop,3/11/2024,3/13/2024,3/14/2024,Flash express PH,"Magallanes, Cavite",Coins,Yes,N/A,N/A
801547872511266,50pcs black nylon cable self tie self locking,28.00,1,House Maintenace,Paylater,Jhaixon's O Shop,3/11/2024,3/13/2024,3/14/2024,Flash express PH,"Magallanes, Cavite",Coins,Yes,N/A,N/A
801547872511266,50 pcs white nylon cable self tie self locking,28.00,1,House Maintenace,Paylater,Jhaixon's O Shop,3/11/2024,3/13/2024,3/14/2024,Flash express PH,"Magallanes, Cavite",Coins,Yes,N/A,N/A
801547872511266,500ml spray botlle -red,25.00,1,Garden maintenace,Paylater,Jhaixon's O Shop,3/11/2024,3/13/2024,3/14/2024,Flash express PH,"Magallanes, Cavite",Coins,Yes,N/A,N/A
801547872511266,500 ml spray bottle - green,25.00,1,Garden maintenace,Paylater,Jhaixon's O Shop,3/11/2024,3/13/2024,3/14/2024,Flash express PH,"Magallanes, Cavite",Coins,Yes,N/A,N/A
801547872511266,Ketchup plastic bottle,20.00,1,Kitchen,Paylater,Jhaixon's O Shop,3/11/2024,3/13/2024,3/14/2024,Flash express PH,"Magallanes, Cavite",Coins,Yes,N/A,N/A
801547872511266,High quality hot melt glue gun,55.00,1,House Maintenace,Paylater,Jhaixon's O Shop,3/11/2024,3/13/2024,3/14/2024,Flash express PH,"Magallanes, Cavite",Coins,Yes,N/A,N/A
800443449911266,2 pcs hand towels,35.00,1,Personal use,Paylater,Jhaixon's O Shop,3/11/2024,N/A,N/A,N/A,"Magallanes, Cavite",Coins,Yes,Yes,Cancelled
800443449911266,50pcs black nylon cable self tie self locking,28.00,1,House Maintenace,Paylater,Jhaixon's O Shop,3/11/2024,N/A,N/A,N/A,"Magallanes, Cavite",Coins,Yes,Yes,Cancelled
800443449911266,50 pcs white nylon cable self tie self locking,28.00,1,House Maintenace,Paylater,Jhaixon's O Shop,3/11/2024,N/A,N/A,N/A,"Magallanes, Cavite",Coins,Yes,Yes,Cancelled
800443449911266,500ml spray botlle -red,25.00,1,Garden maintenace,Paylater,Jhaixon's O Shop,3/11/2024,N/A,N/A,N/A,"Magallanes, Cavite",Coins,Yes,Yes,Cancelled
800443449911266,500 ml spray bottle - green,25.00,1,Garden maintenace,Paylater,Jhaixon's O Shop,3/11/2024,N/A,N/A,N/A,"Magallanes, Cavite",Coins,Yes,Yes,Cancelled
800443449911266,Ketchup plastic bottle,20.00,1,Kitchen,Paylater,Jhaixon's O Shop,3/11/2024,N/A,N/A,N/A,"Magallanes, Cavite",Coins,Yes,Yes,Cancelled
800443449911266,High quality hot melt glue gun,55.00,1,House Maintenace,Paylater,Jhaixon's O Shop,3/6/2024,N/A,N/A,N/A,"Magallanes, Cavite",Coins,Yes,Yes,Cancelled
800443449911266,sold per 1 pair - chopstick ,12.00,3,Kitchen,Paylater,Jhaixon's O Shop,3/6/2024,N/A,N/A,N/A,"Magallanes, Cavite",Coins,Yes,Yes,Cancelled
804832308011266,Pet cat dog bowl 2 in 1 ,53.92,1,Pet Care,Paylater,Pet accessories store,3/6/2024,3/6/2024,3/11/2024,J&T Express PH,"Magallanes, Cavite",N/A,Yes,N/A,N/A
804832308011266,Whooapy Puppy and adult dry food for all breeds,140.72,4,Pet Care,Paylater,LKJ,3/6/2024,3/6/2024,3/11/2024,Flash express PH,"Magallanes, Cavite",N/A,Yes,N/A,N/A
804832308011266,Nutricare cat dry food for all stages - marine fish,119.00,1,Pet Care,Paylater,LKJ,3/6/2024,3/6/2024,3/11/2024,Flash express PH,"Magallanes, Cavite",N/A,Yes,N/A,N/A
804832308011266,Nturicare cat dry food for all stages - Tuna and Sardines,119.00,1,Pet Care,Paylater,LKJ,3/6/2024,3/6/2024,3/11/2024,Flash express PH,"Magallanes, Cavite",N/A,Yes,N/A,N/A
804832308011266,LAIKOU FDA Japan serum,53.18,1,Personal use,Paylater,LAIKOU Official Store.Selection,3/6/2024,3/6/2024,3/11/2024,Flash express PH,"Magallanes, Cavite",Coins,Yes,N/A,N/A
804832308011266,Shoe adhesive special ,28.49,1,Personal use,Paylater,letaiqiangjiaoshui,3/6/2024,3/6/2024,3/11/2024,Flash express PH,"Magallanes, Cavite",Coins,Yes,N/A,N/A
804832308011266,HHUNMUI Mild Amino Acid Facial wash,36.24,2,Personal use,Paylater,HUNMUI_Skin,3/6/2024,3/6/2024,3/11/2024,Flash express PH,"Magallanes, Cavite",Coins,Yes,N/A,N/A
804667559611266,2L Water Handheld Sprayer ,109.94,1,Garden maintenace,Paylater,Arrow Hardware,3/3/2024,3/7/2024,0308/2024,Flash express PH,"Magallanes, Cavite",Coins,Yes,Yes,Missing items
804667559611266,Garden green nylon mesh support climbing bean,102.78,1,Garden maintenace,Paylater,E2p4cds2,3/3/2024,3/7/2024,3/8/2024,Flash express PH,"Magallanes, Cavite",Coins,Yes,N/A,N/A
796398613511266,Huggies Dry Small (38 pcs x 4 pack,686.79,1,Pasabuy,Paylater,Huggies,3/3/2024,3/3/2024,3/4/2024,Ninja Van PH,"Magallanes, Cavite",Coins and voucher,Yes ,N/A,N/A
796398613511266,Hipp Organic CS infant formula 0-12 months 1.6(800gx2),"4,030.50",1,Pasabuy,Paylater,HiPP Organic,3/3/2024,3/3/2024,3/4/2024,Flash express PH,"Magallanes, Cavite",Coins and voucher,No,N/A,N/A
796398612611266,Herb seeds - Bunching onions,14.87,1,Garden maintenace,Paylater,Seeds Depot,3/3/2024,3/4/2024,3/6/2024,Ninja Van PH,"Magallanes, Cavite",Coins and voucher,Yes,N/A,N/A
796398612611266,Herb seeds - Leekd Natsuguru,14.87,1,Garden maintenace,Paylater,Seeds Depot,3/3/2024,3/4/2024,3/6/2024,Ninja Van PH,"Magallanes, Cavite",Coins and voucher,Yes,N/A,N/A
796398612611266,Herb seeds - Parsley flathead,15.74,1,Garden maintenace,Paylater,Seeds Depot,3/3/2024,3/4/2024,3/6/2024,Ninja Van PH,"Magallanes, Cavite",Coins and voucher,Yes,N/A,N/A
796398612611266,Herb seeds - Kinchay,15.74,1,Garden maintenace,Paylater,Seeds Depot,3/3/2024,3/4/2024,3/6/2024,Ninja Van PH,"Magallanes, Cavite",Coins and voucher,Yes,N/A,N/A
796398612611266,Herb seeds - Celery,15.74,1,Garden maintenace,Paylater,Seeds Depot,3/3/2024,3/4/2024,3/6/2024,Ninja Van PH,"Magallanes, Cavite",Coins and voucher,Yes,N/A,N/A
796398612611266,Herb seeds - Thyme ,18.37,1,Garden maintenace,Paylater,Seeds Depot,3/3/2024,3/4/2024,3/6/2024,Ninja Van PH,"Magallanes, Cavite",Coins and voucher,Yes,N/A,N/A
796398612611266,Herb seeds - Sweet basil,15.74,1,Garden maintenace,Paylater,Seeds Depot,2/27/2024,3/4/2024,3/6/2024,Ninja Van PH,"Magallanes, Cavite",Coins and voucher,Yes,N/A,N/A
796398612611266,Herb seeds - Dill,8.74,1,Garden maintenace,Paylater,Seeds Depot,2/27/2024,3/4/2024,3/6/2024,Ninja Van PH,"Magallanes, Cavite",Coins and voucher,Yes,N/A,N/A
799343327311266,5KG Vermicast pure,120.00,1,Garden maintenace,Paylater,The dirty Gloves PH,2/23/2024,3/1/2024,3/2/2024,J&T Express PH,"Magallanes, Cavite",Coins,Yes ,N/A,N/A
799343327311266,Buy 1 take 1 Loim soil 10kgs,125.00,1,Garden maintenace,Paylater,The dirty Gloves PH,2/23/2024,3/1/2024,3/2/2024,J&T Express PH,"Magallanes, Cavite",Coins,Yes ,N/A,N/A
797461580011266,Oli Assorted Polvoron,125.00,1,Kitchen,Paylater,Oli Food products,2/23/2024,2/25/2024,02/27/6/2024,J&T Express PH,"Magallanes, Cavite",N/A,Yes,N/A,N/A
791687063511266,Bewell Shoe Cabinet Entrancnce,"1,230.48",1,House Maintenace,E-wallet,Bewell Shop.PH,2/21/2024,2/27/2024,3/4/2024,Ninja Van PH,"Magallanes, Cavite",Voucher,Yes,N/A,N/A
791687063311266,Fashion AVIA Crown AVIA SK 2 Wheels E-Bike,"8,814.52",1,Pasabuy,E-wallet,ABOUT ELECTRIC RIDES,2/21/2024,3/2/2024,3/3/2024,Flash express PH,"Magallanes, Cavite",Voucher,Yes,N/A,Initiated but did N/At return
796310119911266,High quality adhesive hooks heavy duty,98.00,1,Pasabuy,E-wallet,APEX - Towel Rail Store,2/17/2024,2/21/2024,2/22/2024,J&T Express PH,"Magallanes, Cavite",Voucher,Yes,N/A,N/A
796310119911266,High quality adhesive hooks heavy duty sticky hooks,78.00,1,Pasabuy,E-wallet,APEX - Towel Rail Store,2/17/2024,2/21/2024,2/22/2024,J&T Express PH,"Magallanes, Cavite",Voucher,Yes,N/A,N/A
794398936311266,Car shampoo diy kit ,193.42,1,Car maintenace,Paylater,Sabon Zone,2/17/2024,2/18/2024,2/19/2024,J&T Express PH,"Magallanes, Cavite",Coins and voucher,Yes ,N/A,N/A
794398936311266,Liquid detergent diy kit 15-16L Yield,221.95,1,Others,Paylater,Sabon Zone,2/17/2024,2/18/2024,2/19/2024,J&T Express PH,"Magallanes, Cavite",Coins and voucher,Yes ,N/A,N/A
794398936311266,DIY Dishwashing liquid 16-17L Yield,178.10,1,Others,Paylater,Sabon Zone,2/17/2024,2/18/2024,2/19/2024,J&T Express PH,"Magallanes, Cavite",Coins and voucher,Yes ,N/A,N/A
794398936111266,300pcs Twist drill cement drill wood drill bit,148.18,1,House Maintenace,Paylater,Eagle Hardware,2/15/2024,2/19/2024,2/20/2024,J&T Express PH,"Magallanes, Cavite",Coins and voucher,Yes ,N/A,N/A
794398935911266,Bavin 100% 3.0 fast charger micro,132.54,1,Pasabuy,Paylater,YAYA SHOP PH,2/13/2024,2/18/2024,2/19/2024,J&T Express PH,"Magallanes, Cavite",Coins and voucher,Yes ,N/A,N/A
794398935711266,SUPERMAX 2023 3000mah Rechargeable portable Fan,157.13,1,Pasabuy,Paylater,"Super,ax electronic Smart Devices",2/13/2024,2/17/2024,2/18/2024,J&T Express PH,"Magallanes, Cavite",Coins and voucher,Yes ,N/A,N/A
787791080311266,Lensatic Compass Military Camping hiking Army Style,93.16,1,Pasabuy,Paylater,UNI Outdoor,2/12/2024,2/16/2024,2/17/2024,Flash express PH,"Magallanes, Cavite",N/A,Yes,N/A,N/A
792487153811266,"Mitsushi MZHQ12 12"" Grinder chainsaw",239.65,1,House Maintenace,Paylater,Mitsushi Tools,2/12/2024,0220/2024,2/21/2024,J&T Express PH,"Magallanes, Cavite",Coins and voucher,Yes ,N/A,N/A
791886516511266,WM high-grade leather storage bag wallet,29.00,1,Personal use,Paylater,WM.PH,2/12/2024,2/13/2024,2/14/2024,J&T Express PH,"Magallanes, Cavite",N/A,Yes ,N/A,N/A
791886516511266,WM-058 2-pin American standard to british,87.00,1,House Maintenace,Paylater,WM.PH,2/12/2024,2/13/2024,2/14/2024,J&T Express PH,"Magallanes, Cavite",N/A,Yes ,N/A,N/A
791883334611266,PD20WmSuper fast charge type C,79.64,1,Personal use,Paylater,Breaking Bad Store,2/12/2024,2/18/2024,2/19/2024,J&T Express PH,"Magallanes, Cavite",Coins,Yes ,N/A,N/A
791883334611266,"PVC Adhesive Tape 3, 30mm *3m*1.5mm",99.00,3,House Maintenace,Paylater,syuanmaoyi,2/11/2024,2/18/2024,2/19/2024,J&T Express PH,"Magallanes, Cavite",Coins,Yes ,N/A,N/A
791883334611266,Car charger fast charhing 120w,110.18,1,Pasabuy,Paylater,Au04Ku.Selection,2/11/2024,2/18/2024,2/19/2024,J&T Express PH,"Magallanes, Cavite",Coins,Yes ,N/A,N/A
7860568080711266,Huggies Dry Small (38 pcs x 4 pack,"1,089.49",4,Pasabuy,Cash on Delivery,Mom & Baby's Nest,2/11/2024,2/11/2024,2/12/2024,J&T Express PH,"Magallanes, Cavite",Coins and voucher,Yes,N/A,N/A
786056806811266,Buy 1 take 1 Uni-Love Baby bottle Cleanser 500ml,134.99,1,Pasabuy,Cash on Delivery,UniLove,2/10/2024,N/A,N/A,N/A,"Magallanes, Cavite",Coins and voucher,Yes,Yes,Cancelled
786056806811266,"UniLove baby laundry detergent 1,2 L Botte of 2",315.00,1,Pasabuy,Cash on Delivery,UniLove,2/9/2024,N/A,N/A,N/A,"Magallanes, Cavite",Coins and voucher,Yes,Yes,Cancelled
790909818611266,1 Kilo cocopeat - for hydrophonics,136.50,5,Garden maintenace,Paylater,Green Thumb Greenery,2/3/2024,02/12/2024,2/13/2024,Flash express PH,"Magallanes, Cavite",N/A,Yes,N/A,N/A
785153446611266,Fashionable men's shoes black 39,170.25,1,Others,Paylater,Nicobaby fashion shoes,2/3/2024,2/11/2024,2/13/2024,J&T Express PH,"Magallanes, Cavite",Coins,Yes,N/A,N/A
782116829511266,Private parts whitening care women remove melanin,35.28,1,Personal use,Paylater,Personal  Care Store,2/3/2024,2/4/2024,2/5/2024,J&T Express PH,"Magallanes, Cavite",Coins and voucher,Yes ,N/A,N/A
782116829511266,Eyebrow pencil 4 tip liquid tattoo ,13.64,1,Personal use,Paylater,Personal  Care Store,2/3/2024,2/4/2024,2/5/2024,J&T Express PH,"Magallanes, Cavite",Coins and voucher,Yes ,N/A,N/A
782116829511266,Hair removal cream,30.72,1,Personal use,Paylater,Personal  Care Store,2/3/2024,2/4/2024,2/5/2024,J&T Express PH,"Magallanes, Cavite",Coins and voucher,Yes ,N/A,N/A
782116829511266,Chinese herbal psoriasis dermatitis,76.00,2,Personal use,Paylater,Personal  Care Store,2/3/2024,2/4/2024,2/5/2024,J&T Express PH,"Magallanes, Cavite",Coins and voucher,Yes ,N/A,N/A
782116829311266,For Ipad tablet tempered glass Ipad 9th gen,92.69,1,Personal use,Paylater,CASE228.PH,2/1/2024,2/3/2024,2/6/2024,J&T Express PH,"Magallanes, Cavite",Coins,Yes,N/A,N/A
782116829011266,Mega corned sardines in tomato sauce,277.64,2,Pet Care,Paylater,MEGA,2/1/2024,2/4/2024,2/5/2024,Ninja Van PH,"Magallanes, Cavite",Coins and voucher,Yes,N/A,N/A
786315358011266,Original Electric toothbrush,300.16,2,Personal use,Paylater,New E99,2/1/2024,2/2/2024,2/3/2024,Flash express PH,"Magallanes, Cavite",Voucher,Yes,N/A,N/A
786315357811266,Massage Gun Muscle Relaxation,312.72,1,Others,Paylater,Ta-mia,2/1/2024,2/3/2024,2/4/2024,J&T Express PH,"Magallanes, Cavite",Voucher,Yes,N/A,N/A
786315357511266,McCormick Tumeric Ground 30g,61.00,1,Kitchen,Paylater,McCormick,2/1/2024,2/2/2024,2/3/2024,J&T Express PH,"Magallanes, Cavite",Voucher,Yes ,N/A,N/A
786315357511266,McCormick Red Cayenne Pepper 26g,56.00,1,Kitchen,Paylater,McCormick,2/1/2024,2/2/2024,2/3/2024,J&T Express PH,"Magallanes, Cavite",Voucher,Yes ,N/A,N/A
786315357311266,Skinny Mammas Apple Cider Vinegar,175.39,1,Kitchen,Paylater,Sincoast Brand International,2/1/2024,2/2/2024,2/3/2024,J&T Express PH,"Magallanes, Cavite",Voucher,Yes,N/A,N/A
786915357111266,Ultrasonic Dental Scaler for teeth ,325.16,1,Personal use,Paylater,Global Merch Park,2/1/2024,2/1/2024,2/8/2024,Flash express PH,"Magallanes, Cavite",Voucher,Yes,N/A,N/A
780561058211266,Roblox Action figure model toys,179.55,1,Pasabuy,Paylater,Yuk,1/28/2024,2/1/2024,2/2/2024,LEX PH,Navotas City,Coins,Yes,N/A,N/A
780578204211266,COD 1100ML lunch box,78.40,1,Pasabuy,Paylater,CITYGOODS.PH,1/26/2024,2/2/2024,2/4/2024,J&T Express PH,"Magallanes, Cavite",Coins,Yes,N/A,N/A
778606073511266,Truck carry case with 6pcs alloy vehicle ,275.50,1,Others,Paylater,FunToy,1/26/2024,1/28/2024,1/29/2024,LEX PH,Navotas City,Coins,Yes,N/A,N/A
783029550711266,Parsely seeds,53.00,1,Garden maintenace,Paylater,Farmchoice Agribusiness,1/26/2024,1/27/2024,1/28/2024,J&T Express PH,"Magallanes, Cavite",Coins,Yes,N/A,N/A
783029550711266,Taiwan chili seeds,19.40,1,Garden maintenace,Paylater,Farmchoice Agribusiness,1/26/2024,1/27/2024,1/28/2024,J&T Express PH,"Magallanes, Cavite",Coins,Yes,N/A,N/A
783029550711266,Mustard seeds,20.00,1,Garden maintenace,Paylater,Farmchoice Agribusiness,1/26/2024,1/27/2024,1/28/2024,J&T Express PH,"Magallanes, Cavite",Coins,Yes,N/A,N/A
783029550711266,Green pakchoi,32.00,1,Garden maintenace,Paylater,Farmchoice Agribusiness,1/26/2024,1/27/2024,1/28/2024,J&T Express PH,"Magallanes, Cavite",Coins,Yes,N/A,N/A
783029550711266,1/2 kilo complete fertilizer,21.00,1,Garden maintenace,Paylater,Farmchoice Agribusiness,1/26/2024,1/27/2024,1/28/2024,J&T Express PH,"Magallanes, Cavite",Coins,Yes,N/A,N/A
783029550711266,Leafy lettuce seeds,0.00,1,Garden maintenace,Paylater,Farmchoice Agribusiness,1/19/2024,1/27/2024,1/28/2024,J&T Express PH,"Magallanes, Cavite",Coins,Yes,N/A,N/A
783029550711266,Sunflower seeds,0.00,1,Garden maintenace,Paylater,Farmchoice Agribusiness,1/18/2024,1/27/2024,1/28/2024,J&T Express PH,"Magallanes, Cavite",Coins,Yes,N/A,N/A
774361611111266,Massage Gun Muscle Relaxation,296.58,1,Personal use,Paylater,Ta-mia,1/18/2024,1/20/2024,1/21/2024,J&T Express PH,"Magallanes, Cavite",Coins and voucher,Yes ,N/A,N/A
773676671011266,"Magnesium Glycinate, Dietary Suppliment",365.75,1,Personal use,Paylater,WoodyKnows,1/18/2024,1/19/2024,1/20/2024,J&T Express PH,"Magallanes, Cavite",Coins and voucher,Yes,N/A,N/A
778939363511266,Adjust Trolley Gun Nozzles Sprinkler,91.14,2,Garden maintenace,Paylater,Elaine mann nag Philippines,1/18/2024,1/19/2024,1/20/2024,Flash express,"Magallanes, Cavite",Coins,Yes,N/A,N/A
778939363311266,LIVABLE Ottoman Storage Stool waterproof sofa Storage Box,241.00,1,House Maintenace,Paylater,LIVABLE Shop,1/18/2024,1/19/2024,01/201/2024,J&T Express PH,"Magallanes, Cavite",Coins,Yes,N/A,N/A
778939362811266,Nutricare cat dry food for all stages - marine fish,112.00,2,Pet Care,Paylater,madre de cacao products,1/18/2024,1/19/2024,1/21/2024,Ninja Van PH,"Magallanes, Cavite",Coins and voucher,Yes,N/A,N/A
778939362811266,Nutricare cat dry food for all stages - Tuna,56.00,1,Pet Care,Paylater,madre de cacao products,1/18/2024,1/19/2024,1/21/2024,Ninja Van PH,"Magallanes, Cavite",Coins and voucher,Yes,N/A,N/A
778939362811266,Nutricare cat dry food for all stages - Salmon,56.00,1,Pet Care,Paylater,madre de cacao products,1/18/2024,1/19/2024,1/21/2024,Ninja Van PH,"Magallanes, Cavite",Coins and voucher,Yes,N/A,N/A
778942122111266,1.5 Liters Kills termites,290.20,1,House Maintenace,Paylater,Amiel Online Store,1/12/2024,1/19/2024,1/21/2024,Ninja Van PH,"Magallanes, Cavite",Coins and voucher,Yes,N/A,N/A
773597886711266,(25pcs) StryroCups with neck slit,138.14,2,Garden maintenace,Paylater,JC's Green Garden,1/12/2024,1/20/2024,1/21/2024,Flash express,"Magallanes, Cavite",Coins and voucher,Yes,N/A,N/A
770342292411266,Haw haw milk candy 40x3,100.50,1,Kitchen,N/A,LazMart,1/12/2024,N/A,N/A,N/A,"Magallanes, Cavite",Coins and voucher,Yes,Yes,Cancelled
770342292411266,Jalroson Goody Ube Especial 50s x 2,88.88,1,Kitchen,N/A,LazMart,1/12/2024,N/A,N/A,N/A,"Magallanes, Cavite",Coins and voucher,Yes,Yes,Cancelled
770342292411266,Choco Mucho white chocolate 30g pack of 2,172.00,1,Kitchen,N/A,LazMart,1/12/2024,N/A,N/A,N/A,"Magallanes, Cavite",Coins and voucher,Yes,Yes,Cancelled
770342292411266,E-wallet Cornstarch 1kg,92.40,1,Kitchen,N/A,LazMart,1/12/2024,N/A,N/A,N/A,"Magallanes, Cavite",Coins and voucher,Yes,Yes,Cancelled
770342292411266,Whoppie Chocolate 34g(set of 10),194.00,1,Kitchen,N/A,LazMart,1/12/2024,N/A,N/A,N/A,"Magallanes, Cavite",Coins and voucher,Yes,Yes,Cancelled
770342292411266,Jalroson Sunriped Sampalok 50x2,88.00,1,Kitchen,N/A,LazMart,1/12/2024,N/A,N/A,N/A,"Magallanes, Cavite",Coins and voucher,Yes,Yes,Cancelled
770342292411266,Cream-O Cookies 'N Cream 10's - Pack,140.83,1,Kitchen,N/A,LazMart,1/12/2024,N/A,N/A,N/A,"Magallanes, Cavite",Coins and voucher,Yes,Yes,Cancelled
770342292411266,E-wallet All Purposes flour 2kg,199.10,1,Kitchen,N/A,LazMart,1/12/2024,N/A,N/A,N/A,"Magallanes, Cavite",Coins and voucher,Yes,Yes,Cancelled
770342292411266,Softee Fruit Chew 40s x 2,80.58,1,Kitchen,N/A,LazMart,1/12/2024,N/A,N/A,N/A,"Magallanes, Cavite",Coins and voucher,Yes,Yes,Cancelled
770342292411266,Dutch Mill Youghurt Drink strawberry Juice 90ml x 4 - Pack of 2,98.21,1,Kitchen,N/A,LazMart,1/12/2024,N/A,N/A,N/A,"Magallanes, Cavite",Coins and voucher,Yes,Yes,Cancelled
770342292411266,Downy Fabric Conditioner ,155.01,1,Personal use,N/A,P&G Home Care Official Store,1/2/2024,N/A,N/A,N/A,"Magallanes, Cavite",Coins and voucher,Yes,Yes,Cancelled
770342292411266,Colgate fresh confidence cool methol gel toothpaste,143.79,1,Personal use,N/A,Colgate-Palmolive,1/2/2024,N/A,N/A,N/A,"Magallanes, Cavite",Coins and voucher,Yes,Yes,Cancelled
765042024111266,15pc 60W electric Solder IronMini Soldering Iron Adjustable,259.72,1,Personal use,Lazada Wallet,PH-Mall,1/2/2024,1/3/2024,1/4/2024,J&T Express PH,"Magallanes, Cavite",Coins and voucher,Yes ,N/A,N/A
764782082811266,869-2 new Korean fashion unisex gold bucke slippers,97.45,1,Personal use,Lazada Wallet,888 Fashion,1/2/2024,1/3/2024,1/5/2024,Ninja Van PH,"Magallanes, Cavite",Coins and voucher,Yes,N/A,N/A
764782082611266,QKZ AK6 Pro 1DD Dynamic earphone,196.08,1,Personal use,Lazada Wallet,QKZ Flagship,1/2/2024,1/5/2024,1/6/2024,Flash express,"Magallanes, Cavite",Voucher,Yes ,N/A,N/A
764782082411266,Liquid detergent diy kit 15-16L Yield,252.16,1,Others,Lazada Wallet,BritePH,1/2/2024,1/4/2024,1/5/2024,J&T Express PH,"Magallanes, Cavite",Coins and voucher,Yes,N/A,N/A
764782082211266,Golden eagle plastic stainless steel rapid heat electric kettle,309.50,1,Kitchen,Lazada Wallet,Golden Eagle Philippines,1/2/2024,1/3/2024,1/4/2024,Flash express,"Magallanes, Cavite",N/A,No,N/A,N/A
764782080011266,15g Sausage Pet Treat Pet Sausage,40.00,10,Pet Care,Lazada Wallet,Tom Pets Store,1/2/2024,1/3/2024,1/6/2024,Flash express,"Magallanes, Cavite",Coins,Yes,N/A,N/A
764782080011266,My dog assorted dental stick,53.07,1,Pet Care,Lazada Wallet,Tom Pets Store,,1/3/2024,1/6/2024,Flash express,"Magallanes, Cavite",Coins,Yes,N/A,N/A
764782080011266,15g Sausage Pet treat pet sausage -Tuna flavor,44.80,10,Pet Care,Lazada Wallet,Tom Pets Store,,1/3/2024,1/6/2024,Flash express,"Magallanes, Cavite",Coins,Yes,N/A,N/A